Clave Registro,Nombre de Instalación,Municipio de la Instalación,Provincia de la Instalación,Número de fase,Número de Registro Autonómico Definitivo,Potencia Instalada KW,Grupo Normativo,Tipo de Inscripción
RE-000173,PARQUE EOLICO GUADACORTE,Barrios (Los),Cadiz,1,,13200000,b.2.1,PREVIA
RE-000181,PLANTA EÓLICA RAMOS,Tarifa,Cadiz,1,,13000000,b.2.1,PREVIA
RE-000182,PLANTA EÓLICA LA LOMA DEL PANDERO,Tarifa,Cadiz,1,,14300000,b.2.1,PREVIA
RE-000183,P.E. LOMA DE LOS AVIADORES,Tarifa,Cadiz,1,0172/04/CA,6000000,b.2.1,PREVIA
RE-000184,PLANTA EÓLICA CERRO DEL ACEBUCHE,Tarifa,Cadiz,1,,13000000,b.2.1,PREVIA
RE-000185,PLANTA EÓLICA CERRO DEL VIENTO,Tarifa,Cadiz,1,,13650000,b.2.1,PREVIA
RE-000186,PLANTA EÓLICA LA VEGA,Tarifa,Cadiz,1,,8650000,b.2.1,PREVIA
RE-000187,PLANTA EÓLICA LOMA DEL POLEAR,Tarifa,Cadiz,1,,14300000,b.2.1,PREVIA
RE-000188,PLANTA EÓLICA LA PALMOSILLA,Tarifa,Cadiz,1,,11050000,b.2.1,PREVIA
RE-000198,PLANTA EÓLICA LA HIGUERA,Tarifa,Cadiz,1,,14300000,b.2.1,PREVIA
RE-000585,P. E. EL CABRITO,Tarifa,Cadiz,1,,30000000,b.2.1,DEFINITIVA
RE-000741,PARQUE EOLICO LOS NAVEROS,Conil de la Frontera,Cadiz,1,,24900000,b.2.1,PREVIA
RE-000742,PARQUE EOLICO EL LANCHAR,Conil de la Frontera,Cadiz,1,,24600000,b.2.1,PREVIA
RE-000743,PARQUE EOLICO LOS ESCOBONES,Conil de la Frontera,Cadiz,1,,24600000,b.2.1,PREVIA
RE-000748,ALGODONALES,Algodonales,Cadiz,1,,5000000,,PREVIA
RE-000749,PARQUE EOLICO SANTA CORACHA,Barrios (Los),Cadiz,1,,29040000,b.2.1,PREVIA
RE-000751,PLANTA MIRAMENTO,Medina-Sidonia,Cadiz,1,,8048000,,PREVIA
RE-000765,PARQUE EOLICO VILLEGAS,Barrios (Los),Cadiz,1,,10800000,b.2.1,PREVIA
RE-000834,CENTRAL HIDROELECTRICA DE BORNOS,Bornos,Cadiz,1,0031/99/CA,4640000,b.4,DEFINITIVA
RE-000868,P.E. LA ESE,Tarifa,Cadiz,1,RGRE/54/99/CA,1650000,b.2.1,DEFINITIVA
RE-000991,PARQUE EOLICO LOS LANCES,Tarifa,Cadiz,1,RGRE/14/00/CA,10680000,b.2.1,DEFINITIVA
RE-000994,PLANTA EOLICA DE P.E.E.S.A.,Tarifa,Cadiz,1,RGRE/12/00/CA,6000000,b.2.1,DEFINITIVA
RE-001060,P.E. TAHIVILLA DESARROLLOS EÓLICOS DE TARIFA,Tarifa,Cadiz,1,0002/98/CA,30000000,b.2.1,DEFINITIVA
RE-001137,PARQUE EOLICO TARIFA,Tarifa,Cadiz,1,,1380000,b.2.1,DEFINITIVA
RE-001225,CERAMICA JEREZ,Jerez de la Frontera,Cadiz,1,,1720000,a.1.1,PREVIA
RE-001381,P.E. BUENAVISTA (1ª FASE),Barbate,Cadiz,1,0037/00/CA,7800000,b.2.1,DEFINITIVA
RE-001454,PARQUE EOLICO EL RUEDO,Tarifa,Cadiz,1,,14840000,b.2.1,PREVIA
RE-001455,"PARQUE EOLICO ""CORTIJO DE IRUELAS""",Tarifa,Cadiz,1,0021/05/CA,13600000,b.2.1,DEFINITIVA
RE-001456,PARQUE EOLICO EL GALLEGO,Tarifa,Cadiz,1,,27060000,b.2.1,PREVIA
RE-001457,PARQUE EOLICO LA MANGA,Tarifa,Cadiz,1,,18480000,b.2.1,PREVIA
RE-001458,PARQUE EOLICO RIO ALMODOVAR,Tarifa,Cadiz,1,,16500000,b.2.1,PREVIA
RE-001594,JUANJO,Arcos de la Frontera,Cadiz,1,RGRE/57/00/CA,1966000,a.1.1,DEFINITIVA
RE-001602,P. E. MONTEAHUMADA (Ampliación 16/12/2002),Tarifa,Cadiz,1,RGRE/67/00/CA,5490000,b.2.1,DEFINITIVA
RE-001689,EDAR GUADALETE,Jerez de la Frontera,Cadiz,1,RGRE/05/00/CA,469000,b.7.2,DEFINITIVA
RE-001690,P.E. PEDREGOSO A,Tarifa,Cadiz,1,RGRE/073/00/CA,14850000,b.2.1,DEFINITIVA
RE-001691,P.E . PEDREGOSO B,Tarifa,Cadiz,1,RGRE/074/00/CA,14850000,b.2.1,DEFINITIVA
RE-001692,P.E. PEDREGOSO D,Tarifa,Cadiz,1,RGRE/075/00/CA,14850000,b.2.1,DEFINITIVA
RE-001901,EL HINOJAL,Tarifa,Cadiz,1,RGRE/006/00/CA,660000,b.2.1,DEFINITIVA
RE-002377,P.E. LA ESTANCIA,Vejer de la Frontera,Cadiz,1,,10400000,b.2.1,PREVIA
RE-002378,P.E. SAN AMBROSIO,Barbate,Cadiz,1,,8450000,b.2.1,PREVIA
RE-002381,P.E. CERRO EL COLINETE,Vejer de la Frontera,Cadiz,1,,11050000,b.2.1,PREVIA
RE-002397,INELBA,Barrios (Los),Cadiz,1,,2012000,,PREVIA
RE-002745,P.E. EL PINO,Barrios (Los),Cadiz,1,RGRE/049/01/CA,24600000,b.2.1,DEFINITIVA
RE-003059,P.E. LA HERRERIA,Tarifa,Cadiz,1,RGRE/023/02/CA,44800000,b.2.1,DEFINITIVA
RE-003060,P.E. PASADA DE TEJADA,Tarifa,Cadiz,1,RGRE/024/02/CA,9600000,b.2.1,DEFINITIVA
RE-003160,"OCIO DE JEREZ, S.A.L.",Jerez de la Frontera,Cadiz,1,,5000,b.1.1,PREVIA
RE-003730,COGENERACION AZUCARERA DE GUADALETE,Jerez de la Frontera,Cadiz,1,0024/96/CA,8630000,a.1.1,DEFINITIVA
RE-003731,AZUCARERA DEL GUADALCACIN,Jerez de la Frontera,Cadiz,1,,16875000,a.1.1,DEFINITIVA
RE-005065,PARQUE EÓLICO LOS SIGLOS,Tarifa,Cadiz,1,0020/03/CA,18000000,b.2.1,DEFINITIVA
RE-005066,PARQUE EÓLICO EL BANCAL,Tarifa,Cadiz,1,0021/03/CA,21000000,b.2.1,DEFINITIVA
RE-005067,P.E. LA TAHUNA,Tarifa,Cadiz,1,,20000000,b.2.1,PREVIA
RE-005068,P.E. ALMENDARECHE,Tarifa,Cadiz,1,,21000000,b.2.1,PREVIA
RE-005069,P.E. LAS ZORRERAS,Tarifa,Cadiz,1,,20000000,b.2.1,PREVIA
RE-005070,P.E. LA ZARZUELA II,Tarifa,Cadiz,1,RGRE/025/03/CA,16000000,b.2.1,DEFINITIVA
RE-005071,P.E. HINOJAL II,Tarifa,Cadiz,1,RGRE/026/03/CA,8000000,b.2.1,DEFINITIVA
RE-005072,P.E. HINOJAL I,Tarifa,Cadiz,1,RGRE/027/03/CA,14000000,b.2.1,DEFINITIVA
RE-005073,P.E. ALIJAR,Jerez de la Frontera,Cadiz,1,RGRE9/03/CA,24000000,b.2.1,DEFINITIVA
RE-005074,I.E.S. SERITIUM,Jerez de la Frontera,Cadiz,1,RGRE/083/03/CA,2200,b.1.1,DEFINITIVA
RE-005075,PARQUE EÓLICO JEREZ,Jerez de la Frontera,Cadiz,1,0114/03/CA,42500000,b.2.1,DEFINITIVA
RE-005732,P.E. LA TAHUNA FASE I Y II,Tarifa,Cadiz,2,RGRE/125/04/CA,0,b.2.1,DEFINITIVA
RE-005732,P.E. LA TAHUNA FASE I Y II,Tarifa,Cadiz,1,RGRE/125/04/CA,20000000,b.2.1,DEFINITIVA
RE-005733,P. E. ALMENDARACHE,Tarifa,Cadiz,1,REGRE/126/04/CA,21000000,b.2.1,DEFINITIVA
RE-005734,P.E. LAS ZORRERAS,Tarifa,Cadiz,1,RGRE/127/04/CA,20000000,b.2.1,DEFINITIVA
RE-005759,PARQUE EOLICO FACINAS.,Tarifa,Cadiz,1,0171/04/CA,12000000,b.2.1,DEFINITIVA
RE-005760,P.E. LOMA DE LOS AVIADORES,Tarifa,Cadiz,1,0172/04/CA,6000000,b.2.1,DEFINITIVA
RE-006218,"PARQUE EOLICO ""LA MANGA""",Tarifa,Cadiz,1,0018/05/CA,12000000,b.2.1,DEFINITIVA
RE-006219,P.E. RIO ALMODOVAR,Tarifa,Cadiz,1,0019/05/CA,12800000,b.2.1,DEFINITIVA
RE-006220,PARQUE EOLICO EL RUEDO,Tarifa,Cadiz,1,0020/05/CA,15840000,b.2.1,DEFINITIVA
RE-006221,"PARQUE EOLICO ""EL GALLEGO""",Tarifa,Cadiz,1,0022/05/CA,24000000,b.2.1,DEFINITIVA
RE-008050,CADIZ DISTRIBUIDORA DE AUTOMOCION,Jerez de la Frontera,Cadiz,1,RGRE/121/05/CA,4500,b.1.1,DEFINITIVA
RE-008630,P.E. LA RISA,Tarifa,Cadiz,1,0390/05/CA,12000000,b.2.1,DEFINITIVA
RE-012390,PARQUE EÓLICO LOMA DE ALMENDARACHE,Tarifa,Cadiz,1,0501/07/CA,12000000,b.2.1,DEFINITIVA
RE-014044,ISMAEL CANO SANCHEZ,Puerto Real,Cadiz,1,RGRE/907/06/CA,2500,b.1.1,DEFINITIVA
RE-014045,"SUMMERTOWN, S.L.-CONIL DE LA FRONTERA",Conil de la Frontera,Cadiz,1,RGRE/1193/06/CA,5000,b.1.1,DEFINITIVA
RE-015729,"ALJARA SOLAR, SL",Puerto de Santa María (El),Cadiz,1,RGRE/0270/07/CA,4600,b.1.1,DEFINITIVA
RE-016425,"SOCIEDAD GRAL BAHIAS DE CADIZ Y ALGECIRAS, SA",Cádiz,Cadiz,1,RGRE/880/07/CA,100000,b.1.1,DEFINITIVA
RE-018318,Mº ISABEL LUNA GALLARDO-EL PUERTO SANTA MARIA,Puerto de Santa María (El),Cadiz,1,RGRE/908/06/CA,5000,b.1.1,DEFINITIVA
RE-020175,PARQUE EÓLICO CORTIJO DE GUERRA II,Puerto Real,Cadiz,1,0029/06/CA,28000000,b.2.1,DEFINITIVA
RE-020175,PARQUE EÓLICO CORTIJO DE GUERRA II,Puerto Real,Cadiz,2,RGRE/029/06/CA,4000000,b.2.1,DEFINITIVA
RE-020176,PARQUE EOLICO EL PANDERO,Tarifa,Cadiz,1,0893/07/CA,18000000,b.2.1,DEFINITIVA
RE-020176,PARQUE EOLICO EL PANDERO,Tarifa,Cadiz,2,,2000000,b.2.1,DEFINITIVA
RE-020177,PARQUE EOLICO LA TORRE I,Tarifa,Cadiz,1,0894/07/CA,16000000,b.2.1,DEFINITIVA
RE-020271,GAMO BAHIA,Puerto Real,Cadiz,1,RGRE/886/07/CA,45000,b.1.1,DEFINITIVA
RE-020272,MARIA ROSARIO LARA,Chiclana de la Frontera,Cadiz,1,RGRE/001/08/CA,5000,b.1.1,DEFINITIVA
RE-020626,ANTONIO MORALES DIAZ,Jerez de la Frontera,Cadiz,1,RGRE/002/08/CA,5000,b.1.1,DEFINITIVA
RE-022354,Mª ROSARIO RODRIGO LARA,Chiclana de la Frontera,Cadiz,1,RGRE/0001/08/CA,5000,b.1.1,DEFINITIVA
RE-022760,P. E. CORTIJO DE GUERRA I,Puerto Real,Cadiz,2,0909/07/CA,1200000,b.2.1,DEFINITIVA
RE-022760,P. E. CORTIJO DE GUERRA I,Puerto Real,Cadiz,1,RGRE/909/07/CA,40800000,b.2.1,DEFINITIVA
RE-023250,PARQUE EOLICO VIENTO DE ALCALA,Alcalá de los Gazules,Cadiz,2,0004/08/CA,12000000,b.2.1,DEFINITIVA
RE-023250,PARQUE EOLICO VIENTO DE ALCALA,Alcalá de los Gazules,Cadiz,3,0004/08/CA,4000000,b.2.1,DEFINITIVA
RE-023250,PARQUE EOLICO VIENTO DE ALCALA,Alcalá de los Gazules,Cadiz,1,0004/08/CA,26000000,b.2.1,DEFINITIVA
RE-023713,"PROCONSPOR, SL",Puerto de Santa María (El),Cadiz,1,RGRE/005/08/CA,40000,b.1.1,DEFINITIVA
RE-023937,P. E. RANCHO VIEJO,Medina-Sidonia,Cadiz,1,0003/08/CA,14400000,b.2.1,DEFINITIVA
RE-024515,EXCMO. AYUNTAMIENTO DE ROTA,Rota,Cadiz,1,RGRE/503/06/CA,5000,b.1.1,DEFINITIVA
RE-024516,JOSE FLOREZ SARMIENTO,Chiclana de la Frontera,Cadiz,1,RGRE/646/06/CA,10000,b.1.1,DEFINITIVA
RE-02B-1,GEGSA II,San Roque,Cadiz,1,RGRE/CA.02/01,37000000,c.2,DEFINITIVA
RE-02D-9,GEGSA I,San Roque,Cadiz,1,RGRE/CA.01/01,37000000,a.1.1,DEFINITIVA
RE-055117,ANRAYSUR,Jerez de la Frontera,Cadiz,1,1144/06/CA,100000,b.1.1,DEFINITIVA
RE-055174,SUMMERTOWN SOLAR II,Conil de la Frontera,Cadiz,1,0134/08/CA,5000,b.1.1,DEFINITIVA
RE-058077,"TECNOSALINAS TECNOHUERTAS 110, S.L.",Sanlúcar de Barrameda,Cadiz,1,0181/08/CA,100000,b.1.1,DEFINITIVA
RE-058078,"TECNOSALINAS TECNOHUERTAS 111, S.L.",Sanlúcar de Barrameda,Cadiz,1,0182/08/CA,100000,b.1.1,DEFINITIVA
RE-058079,"TECNOSALINAS TECNOHUERTAS 112, S.L.",Sanlúcar de Barrameda,Cadiz,1,0183/08/CA,100000,b.1.1,DEFINITIVA
RE-058080,"TECNOSALINAS TECNOHUERTAS 113, S.L.",Sanlúcar de Barrameda,Cadiz,1,0184/08/CA,100000,b.1.1,DEFINITIVA
RE-058081,"TECNOSALINAS TECNOHUERTAS 114, S.L.",Sanlúcar de Barrameda,Cadiz,1,0185/08/CA,100000,b.1.1,DEFINITIVA
RE-058082,"TECNOSALINAS TECNOHUERTAS 115, S.L.",Sanlúcar de Barrameda,Cadiz,1,0186/08/CA,100000,b.1.1,DEFINITIVA
RE-058083,"TECNOSALINAS TECNOHUERTAS 116, S.L.",Sanlúcar de Barrameda,Cadiz,1,0187/08/CA,100000,b.1.1,DEFINITIVA
RE-058084,"TECNOSALINAS TECNOHUERTAS 117, S.L.",Sanlúcar de Barrameda,Cadiz,1,0188/08/CA,100000,b.1.1,DEFINITIVA
RE-058085,"TECNOSALINAS TECNOHUERTAS 118, S.L.",Sanlúcar de Barrameda,Cadiz,1,0189/08/CA,100000,b.1.1,DEFINITIVA
RE-058475,SECUOYA ENERGÍA SOLAR,Jerez de la Frontera,Cadiz,1,1138/06/CA,100000,b.1.1,DEFINITIVA
RE-058476,ROBLE ENERGÍA SOLAR,Jerez de la Frontera,Cadiz,1,1139/06/CA,100000,b.1.1,DEFINITIVA
RE-058477,DELGADO ENERGÍA SOLAR,Jerez de la Frontera,Cadiz,1,1140/06/CA,100000,b.1.1,DEFINITIVA
RE-058478,MAGNOLIO ENERGÍA SOLAR,Jerez de la Frontera,Cadiz,1,1141/06/CA,100000,b.1.1,DEFINITIVA
RE-058479,FLETESOL,Jerez de la Frontera,Cadiz,1,0401/07/CA,100000,b.1.1,DEFINITIVA
RE-058480,CAMPOS DE ANTIOQUÍA,Jerez de la Frontera,Cadiz,1,0418/07/CA,100000,b.1.1,DEFINITIVA
RE-058481,CHICOZAPOTE,Jerez de la Frontera,Cadiz,1,0419/07/CA,100000,b.1.1,DEFINITIVA
RE-058482,CALLE EGIDO,Jerez de la Frontera,Cadiz,1,0420/07/CA,100000,b.1.1,DEFINITIVA
RE-058483,ENERGÍAS DE LEVANTE,Jerez de la Frontera,Cadiz,1,0421/07/CA,100000,b.1.1,DEFINITIVA
RE-058484,FUENTES DE LA JANDA,Jerez de la Frontera,Cadiz,1,0452/07/CA,100000,b.1.1,DEFINITIVA
RE-058485,CERRO DEL ESPINAZUELO,Jerez de la Frontera,Cadiz,1,0534/07/CA,100000,b.1.1,DEFINITIVA
RE-058486,MOLINOS DE LEVANTE,Jerez de la Frontera,Cadiz,1,0535/07/CA,100000,b.1.1,DEFINITIVA
RE-058487,SOL DE LA JANDA,Jerez de la Frontera,Cadiz,1,0536/07/CA,100000,b.1.1,DEFINITIVA
RE-058488,"TECNOSALINAS TECNOHUERTAS 108, S.L.",Sanlúcar de Barrameda,Cadiz,1,0179/08/CA,100000,b.1.1,DEFINITIVA
RE-058489,"TECNOSALINAS TECNOHUERTAS 107, S.L.",Sanlúcar de Barrameda,Cadiz,1,0178/08/CA,100000,b.1.1,DEFINITIVA
RE-058490,"TECNOSALINAS TECNOHUERTAS 106, S.L.",Sanlúcar de Barrameda,Cadiz,1,0177/08/CA,100000,b.1.1,DEFINITIVA
RE-058491,"TECNOSALINAS TECNOHUERTAS 105, S.L.",Sanlúcar de Barrameda,Cadiz,1,0176/08/CA,100000,b.1.1,DEFINITIVA
RE-058492,"TECNOSALINAS TECNOHUERTAS 104, S.L.",Sanlúcar de Barrameda,Cadiz,1,0175/08/CA,100000,b.1.1,DEFINITIVA
RE-058493,"TECNOSALINAS TECNOHUERTAS 103, S.L",Sanlúcar de Barrameda,Cadiz,1,0174/08/CA,100000,b.1.1,DEFINITIVA
RE-058494,"TECNOSALINAS TECNOHUERTAS 102, S.L.",Sanlúcar de Barrameda,Cadiz,1,0173/08/CA,100000,b.1.1,DEFINITIVA
RE-058495,"TECNOSALINAS TECNOHUERTAS 101, S.L.",Sanlúcar de Barrameda,Cadiz,1,0172/08/CA,100000,b.1.1,DEFINITIVA
RE-058496,"TECNOHUERTAS 118, S.L",Puerto de Santa María (El),Cadiz,1,0171/08/CA,100000,b.1.1,DEFINITIVA
RE-058497,"TECNOHUERTAS 117, S.L.",Puerto de Santa María (El),Cadiz,1,0170/08/CA,100000,b.1.1,DEFINITIVA
RE-058498,"TECNOHUERTAS 116, S.L.",Puerto de Santa María (El),Cadiz,1,0169/08/CA,100000,b.1.1,DEFINITIVA
RE-058499,"TECNOHUERTAS 115, S.L.",Puerto de Santa María (El),Cadiz,1,0168/08/CA,100000,b.1.1,DEFINITIVA
RE-058500,"TECNOHUERTAS 114, S.L.",Puerto de Santa María (El),Cadiz,1,0167/08/CA,100000,b.1.1,DEFINITIVA
RE-058501,"TECNOHUERTAS 113, S.L.",Puerto de Santa María (El),Cadiz,1,0166/08/CA,100000,b.1.1,DEFINITIVA
RE-058502,"TECNOHUERTAS 112, S.L.",Puerto de Santa María (El),Cadiz,1,0165/08/CA,100000,b.1.1,DEFINITIVA
RE-058503,"TECNOHUERTAS 111, S.L.",Puerto de Santa María (El),Cadiz,1,0164/08/CA,100000,b.1.1,DEFINITIVA
RE-058504,"TECNOHUERTAS 110, S.L.",Puerto de Santa María (El),Cadiz,1,0163/08/CA,100000,b.1.1,DEFINITIVA
RE-058505,"TECNOHUERTAS 109, S.L.",Puerto de Santa María (El),Cadiz,1,0162/08/CA,100000,b.1.1,DEFINITIVA
RE-058506,"TECNOHUERTAS 108, S.L.",Puerto de Santa María (El),Cadiz,1,0161/08/CA,100000,b.1.1,DEFINITIVA
RE-058507,"TECNOHUERTAS 107, S.L.",Puerto de Santa María (El),Cadiz,1,0160/08/CA,100000,b.1.1,DEFINITIVA
RE-058508,"TECNOHUERTAS 106, S.L.",Puerto de Santa María (El),Cadiz,1,0159/08/CA,100000,b.1.1,DEFINITIVA
RE-058509,"TECNOHUERTAS 105, S.L.",Puerto de Santa María (El),Cadiz,1,0158/08/CA,100000,b.1.1,DEFINITIVA
RE-058510,"TECNOHUERTAS 104, S.L.",Puerto de Santa María (El),Cadiz,1,0157/08/CA,100000,b.1.1,DEFINITIVA
RE-058511,"TECNOHUERTAS 103, S.L.",Puerto de Santa María (El),Cadiz,1,0156/08/CA,100000,b.1.1,DEFINITIVA
RE-058512,"TECNOHUERTAS 102, S.L.",Puerto de Santa María (El),Cadiz,1,0155/08/CA,100000,b.1.1,DEFINITIVA
RE-058513,"TECNOHUERTAS 101, S.L.",Puerto de Santa María (El),Cadiz,1,0154/08/CA,100000,b.1.1,DEFINITIVA
RE-058525,PLANTA GENERADORA FOTOVOLTAICA EN CUBIERTA ARAUCARIA Nº 8,Puerto de Santa María (El),Cadiz,1,0135/08/CA,3000,b.1.1,DEFINITIVA
RE-058564,"TECNOSALINAS TECNOHUERTAS 109, S.L.",Sanlúcar de Barrameda,Cadiz,1,0180/08/CA,100000,b.1.1,DEFINITIVA
RE-058566,PLANTA GENERADORA FOTOVOLTAICA SOLBERITE S.L.,Villamartín,Cadiz,1,0010/08/CA,20000,b.1.1,DEFINITIVA
RE-058579,"PLANTA GENERADORA FOTOVOLTAICA EN CUBIERTA. NAVE INDUSTRIAL FRÍO JOSÉ RAMÓN, S.L.U.",Vejer de la Frontera,Cadiz,1,0008/08/CA,20000,b.1.1,DEFINITIVA
RE-058580,"TECNOHUERTAS 101, S.L.",Puerto de Santa María (El),Cadiz,1,0136/08/CA,100000,b.1.1,DEFINITIVA
RE-058581,"TECNOHUERTAS 111, S.L.",Puerto de Santa María (El),Cadiz,1,0146/08/CA,100000,b.1.1,DEFINITIVA
RE-058582,"TECNOHUERTAS 112, S.L.",Puerto de Santa María (El),Cadiz,1,0147/08/CA,100000,b.1.1,DEFINITIVA
RE-058583,"TECNOHUERTAS 113, S.L.",Puerto de Santa María (El),Cadiz,1,0148/08/CA,100000,b.1.1,DEFINITIVA
RE-058584,"TECNOHUERTAS 114, S.L.",Puerto de Santa María (El),Cadiz,1,0149/08/CA,100000,b.1.1,DEFINITIVA
RE-058585,"TECNOHUERTAS 115, S.L.",Puerto de Santa María (El),Cadiz,1,0150/08/CA,100000,b.1.1,DEFINITIVA
RE-058586,"TECNOHUERTAS 116, S.L.",Puerto de Santa María (El),Cadiz,1,0151/08/CA,100000,b.1.1,DEFINITIVA
RE-058587,"TECNOHUERTAS 117, S.L.",Puerto de Santa María (El),Cadiz,1,0152/08/CA,100000,b.1.1,DEFINITIVA
RE-058588,"TECNOHUERTAS 118, S.L.",Puerto de Santa María (El),Cadiz,1,0153/08/CA,100000,b.1.1,DEFINITIVA
RE-058596,GESTORA GADITANA S.A,Cádiz,Cadiz,1,0190/08/CA,100000,b.1.1,DEFINITIVA
RE-062632,"TECNOHUERTAS 102, S.L.",Puerto de Santa María (El),Cadiz,1,0137/08/CA,100000,b.1.1,DEFINITIVA
RE-062633,"TECNOHUERTAS 103, S.L.",Puerto de Santa María (El),Cadiz,1,0138/08/CA,100000,b.1.1,DEFINITIVA
RE-062634,"TECNOHUERTAS 104, S.L.",Puerto de Santa María (El),Cadiz,1,0139/08/CA,100000,b.1.1,DEFINITIVA
RE-062635,"TECNOHUERTAS 105, S.L.",Puerto de Santa María (El),Cadiz,1,0140/08/CA,100000,b.1.1,DEFINITIVA
RE-062636,"TECNOHUERTAS 106, S.L.",Puerto de Santa María (El),Cadiz,1,0141/08/CA,100000,b.1.1,DEFINITIVA
RE-062637,"TECNOHUERTAS 107, S.L.",Puerto de Santa María (El),Cadiz,1,0142/08/CA,100000,b.1.1,DEFINITIVA
RE-062638,"TECNOHUERTAS 108, S.L.",Puerto de Santa María (El),Cadiz,1,0143/08/CA,100000,b.1.1,DEFINITIVA
RE-062639,"TECNOHUERTAS 109, S.L.",Puerto de Santa María (El),Cadiz,1,0144/08/CA,100000,b.1.1,DEFINITIVA
RE-062669,114-GUADARRANQUE M01,San Roque,Cadiz,1,0042/08/CA,100000,b.1.1,DEFINITIVA
RE-062670,115-GUADARRANQUE M02,San Roque,Cadiz,1,0043/08/CA,100000,b.1.1,DEFINITIVA
RE-062671,116-GUADARRANQUE M03,San Roque,Cadiz,1,0044/08/CA,100000,b.1.1,DEFINITIVA
RE-062672,117-GUADARRANQUE M04,San Roque,Cadiz,1,0045/08/CA,100000,b.1.1,DEFINITIVA
RE-062673,118-GUADARRANQUE N01,San Roque,Cadiz,1,0046/08/CA,100000,b.1.1,DEFINITIVA
RE-062674,119-GUADARRANQUE N02,San Roque,Cadiz,1,0047/08/CA,100000,b.1.1,DEFINITIVA
RE-062675,120-GUADARRANQUE N03,San Roque,Cadiz,1,0048/08/CA,100000,b.1.1,DEFINITIVA
RE-062676,121-GUADARRANQUE O01,San Roque,Cadiz,1,0049/08/CA,100000,b.1.1,DEFINITIVA
RE-063749,RTRECE SCP,Rota,Cadiz,1,0203/08/CA,96000,b.1.1,DEFINITIVA
RE-063750,RTCATORCE SCP,Rota,Cadiz,1,0204/08/CA,96000,b.1.1,DEFINITIVA
RE-063751,RTQUINCE SCP,Rota,Cadiz,1,0205/08/CA,96000,b.1.1,DEFINITIVA
RE-063752,RTDICECISEIS SCP,Rota,Cadiz,1,0206/08/CA,96000,b.1.1,DEFINITIVA
RE-063753,RTDIECISIETE SCP,Rota,Cadiz,1,0207/08/CA,96000,b.1.1,DEFINITIVA
RE-063754,DIECIOCHO SCP,Rota,Cadiz,1,0208/08/CA,96000,b.1.1,DEFINITIVA
RE-063755,RTDIECINUEVE SCP,Rota,Cadiz,1,0209/08/CA,96000,b.1.1,DEFINITIVA
RE-063756,RTCUARENTA Y UNO SCP,Rota,Cadiz,1,0231/08/CA,96000,b.1.1,DEFINITIVA
RE-063757,RTCUARENTA Y DOS SCP,Rota,Cadiz,1,0232/08/CA,96000,b.1.1,DEFINITIVA
RE-063758,RTCUARENTA Y TRES SCP,Rota,Cadiz,1,0233/08/CA,96000,b.1.1,DEFINITIVA
RE-063759,RTCUARENTA Y CUATRO SCP,Rota,Cadiz,1,0234/08/CA,96000,b.1.1,DEFINITIVA
RE-063761,RTCUARENTA Y CINECO SCP,Rota,Cadiz,1,0235/08/CA,96000,b.1.1,DEFINITIVA
RE-063762,RTCUARENTA Y SEIS SCP,Rota,Cadiz,1,0236/08/CA,96000,b.1.1,DEFINITIVA
RE-063763,RTCUARENTA Y SIETE SCP,Rota,Cadiz,1,0237/08/CA,96000,b.1.1,DEFINITIVA
RE-063764,RTCUARENTA Y OCHO SCP,Rota,Cadiz,1,0238/08/CA,32000,b.1.1,DEFINITIVA
RE-063825,122-GUADARRANQUE O02,San Roque,Cadiz,1,0050/08/CA,100000,b.1.1,DEFINITIVA
RE-063826,123 GUADARRANQUE O03,San Roque,Cadiz,1,0051/08/CA,100000,b.1.1,DEFINITIVA
RE-063840,"RTVEINTE, S.C.P",Rota,Cadiz,1,0210/08/CA,64000,b.1.1,DEFINITIVA
RE-063841,RTUNO SCP,Rota,Cadiz,1,0191/08/CA,96000,b.1.1,DEFINITIVA
RE-063842,RTDOS SCP,Rota,Cadiz,1,0192/08/CA,96000,b.1.1,DEFINITIVA
RE-063843,RTTRES SCP,Rota,Cadiz,1,0193/08/CA,96000,b.1.1,DEFINITIVA
RE-063844,RTCUATRO SCP,Rota,Cadiz,1,0194/08/CA,96000,b.1.1,DEFINITIVA
RE-063845,RTCINCO SCP,Rota,Cadiz,1,0195/08/CA,96000,b.1.1,DEFINITIVA
RE-063846,RTSEIS SCP,Rota,Cadiz,1,0196/08/CA,96000,b.1.1,DEFINITIVA
RE-063847,RTSIETE SCP,Rota,Cadiz,1,0197/08/CA,96000,b.1.1,DEFINITIVA
RE-063848,RTOCHO SCP,Rota,Cadiz,1,0198/08/CA,96000,b.1.1,DEFINITIVA
RE-063849,RTNUEVE SCP,Rota,Cadiz,1,0199/08/CA,96000,b.1.1,DEFINITIVA
RE-063850,RTDIEZ SCP,Rota,Cadiz,1,0200/08/CA,96000,b.1.1,DEFINITIVA
RE-063851,RTONCE SCP,Rota,Cadiz,1,0201/08/CA,96000,b.1.1,DEFINITIVA
RE-063852,RTDOCE SCP,Rota,Cadiz,1,0202/08/CA,96000,b.1.1,DEFINITIVA
RE-063877,IGT-INGETED SL,Villamartín,Cadiz,1,0258/08/CA,100000,b.1.1,DEFINITIVA
RE-063878,GS1 LAS CAÑAS I,Jerez de la Frontera,Cadiz,1,0260/08/CA,99990,b.1.1,DEFINITIVA
RE-063879,GS2 LAS CAÑAS 1,Jerez de la Frontera,Cadiz,1,0261/08/CA,99990,b.1.1,DEFINITIVA
RE-063880,GS3 LAS CAÑAS I,Jerez de la Frontera,Cadiz,1,0262/08/CA,99990,b.1.1,DEFINITIVA
RE-063881,GS4 LAS CAÑAS I,Jerez de la Frontera,Cadiz,1,0263/08/CA,99990,b.1.1,DEFINITIVA
RE-063882,GS5 LAS CAÑAS I,Jerez de la Frontera,Cadiz,1,0264/08/CA,99990,b.1.1,DEFINITIVA
RE-063883,GS6 LAS CAÑAS I,Jerez de la Frontera,Cadiz,1,0265/08/CA,99990,b.1.1,DEFINITIVA
RE-063884,GS7 LAS CAÑAS I,Jerez de la Frontera,Cadiz,1,0266/08/CA,99990,b.1.1,DEFINITIVA
RE-063885,GS8 LAS CAÑAS I,Jerez de la Frontera,Cadiz,1,267/08/CA,99990,b.1.1,DEFINITIVA
RE-063886,GS9 LAS CAÑAS I,Jerez de la Frontera,Cadiz,1,0268/08/CA,99990,b.1.1,DEFINITIVA
RE-063887,GS10 LAS CAÑAS I,Jerez de la Frontera,Cadiz,1,0269/08/CA,99990,b.1.1,DEFINITIVA
RE-063888,GS11 LAS CAÑAS I,Jerez de la Frontera,Cadiz,1,0270/08/CA,99990,b.1.1,DEFINITIVA
RE-063889,GS12 LAS CAÑAS I,Jerez de la Frontera,Cadiz,1,0271/08/CA,99990,b.1.1,DEFINITIVA
RE-063890,GS13 LAS CAÑAS I,Jerez de la Frontera,Cadiz,1,0272/08/CA,99990,b.1.1,DEFINITIVA
RE-063891,GS14 LAS CAÑAS I,Jerez de la Frontera,Cadiz,1,0273/08/CA,99990,b.1.1,DEFINITIVA
RE-063892,GS15 LAS CAÑAS I,Jerez de la Frontera,Cadiz,1,0274/08/CA,99990,b.1.1,DEFINITIVA
RE-063893,GS16 LAS CAÑAS I,Jerez de la Frontera,Cadiz,1,0275/08/CA,99990,b.1.1,DEFINITIVA
RE-063894,GS17 LAS CAÑAS I,Jerez de la Frontera,Cadiz,1,0276/08/CA,99990,b.1.1,DEFINITIVA
RE-063895,GS18 LAS CAÑAS I,Jerez de la Frontera,Cadiz,1,0277/08/CA,99990,b.1.1,DEFINITIVA
RE-063896,GS19 LAS CAÑAS I,Jerez de la Frontera,Cadiz,1,0278/08/CA,90000,b.1.1,DEFINITIVA
RE-063897,GS1 LAS CAÑAS II,Jerez de la Frontera,Cadiz,1,0279/08/CA,99990,b.1.1,DEFINITIVA
RE-063898,GS2 LAS CAÑAS II,Jerez de la Frontera,Cadiz,1,0280/08/CA,99990,b.1.1,DEFINITIVA
RE-063899,GS3 LAS CAÑAS II,Jerez de la Frontera,Cadiz,1,0281/08/CA,99990,b.1.1,DEFINITIVA
RE-063900,GS4 LAS CAÑAS II,Jerez de la Frontera,Cadiz,1,0282/08/CA,99990,b.1.1,DEFINITIVA
RE-063901,GS5 LAS CAÑAS II,Jerez de la Frontera,Cadiz,1,0283/08/CA,99990,b.1.1,DEFINITIVA
RE-063902,GS6 LAS CAÑAS II,Jerez de la Frontera,Cadiz,1,0284/08/CA,99990,b.1.1,DEFINITIVA
RE-063903,GS7 LAS CAÑAS II,Jerez de la Frontera,Cadiz,1,0285/08/CA,99990,b.1.1,DEFINITIVA
RE-063904,GS8 LAS CAÑAS II,Jerez de la Frontera,Cadiz,1,0286/08/CA,99990,b.1.1,DEFINITIVA
RE-063905,GS9 LAS CAÑAS II,Jerez de la Frontera,Cadiz,1,0287/08/CA,99990,b.1.1,DEFINITIVA
RE-063906,GS10 LAS CAÑAS II,Jerez de la Frontera,Cadiz,1,0288/08/CA,99990,b.1.1,DEFINITIVA
RE-063907,GS11 LAS CAÑAS II,Jerez de la Frontera,Cadiz,1,0289/08/CA,99990,b.1.1,DEFINITIVA
RE-063908,GS12 LAS CAÑAS II,Jerez de la Frontera,Cadiz,1,0290/08/CA,99990,b.1.1,DEFINITIVA
RE-063909,GS13 LAS CAÑAS II,Jerez de la Frontera,Cadiz,1,0291/08/CA,99990,b.1.1,DEFINITIVA
RE-063910,GS14 LAS CAÑAS II,Jerez de la Frontera,Cadiz,1,0292/08/CA,99990,b.1.1,DEFINITIVA
RE-063911,GS15 LAS CAÑAS II,Jerez de la Frontera,Cadiz,1,0293/08/CA,99990,b.1.1,DEFINITIVA
RE-063912,GS16 LAS CAÑAS II,Jerez de la Frontera,Cadiz,1,0294/08/CA,99990,b.1.1,DEFINITIVA
RE-063913,GS17 LAS CAÑAS II,Jerez de la Frontera,Cadiz,1,0295/08/CA,99990,b.1.1,DEFINITIVA
RE-063914,GS18 LAS CAÑAS II,Jerez de la Frontera,Cadiz,1,0296/08/CA,99990,b.1.1,DEFINITIVA
RE-063915,GS19 LAS CAÑAS II,Jerez de la Frontera,Cadiz,1,0297/08/CA,90000,b.1.1,DEFINITIVA
RE-063947,PLANTA GENERADORA FOTOVOLTAICA EN CUBIERTA. NAVE CENTRAL TÉRMICA DE LOS BARRIOS,Barrios (Los),Cadiz,1,0952/06/CA,100000,b.1.1,DEFINITIVA
RE-064039,111 GUADARRANQUE L02,San Roque,Cadiz,1,0039/08/CA,100000,b.1.1,DEFINITIVA
RE-064040,110 GUADARRANQUE L01,San Roque,Cadiz,1,0038/08/CA,100000,b.1.1,DEFINITIVA
RE-064041,109 GUADARRANQUE K05,San Roque,Cadiz,1,0037/08/CA,100000,b.1.1,DEFINITIVA
RE-064042,108 GUADARRANQUE K04,San Roque,Cadiz,1,0036/08/CA,100000,b.1.1,DEFINITIVA
RE-064043,103 GUADARRANQUE J04,San Roque,Cadiz,1,0031/08/CA,100000,b.1.1,DEFINITIVA
RE-064044,99 GUADARRANQUE I09,San Roque,Cadiz,1,0027/08/CA,100000,b.1.1,DEFINITIVA
RE-064045,88 GUADARRANQUE H07,San Roque,Cadiz,1,0016/08/CA,100000,b.1.1,DEFINITIVA
RE-064046,89 GUADARRANQUE H08,San Roque,Cadiz,1,0017/08/CA,100000,b.1.1,DEFINITIVA
RE-064047,95 GUADARRANQUE I05,San Roque,Cadiz,1,0023/08/CA,100000,b.1.1,DEFINITIVA
RE-064048,96 GUADARRANQUE I06,San Roque,Cadiz,1,0024/08/CA,100000,b.1.1,DEFINITIVA
RE-064049,97 GUADARRANQUE I07,San Roque,Cadiz,1,0025/08/CA,100000,b.1.1,DEFINITIVA
RE-064050,98 GUADARRANQUE I08,San Roque,Cadiz,1,0026/08/CA,100000,b.1.1,DEFINITIVA
RE-064051,PLANTA GENERADORA FOTOVOLTAICA 01-GUADARRANQUE A01,San Roque,Cadiz,1,0052/08/CA,100000,b.1.1,DEFINITIVA
RE-064052,PLANTA GENERADORA FOTOVOLTAICA 22-GUADARRANQUE B08,San Roque,Cadiz,1,0053/08/CA,100000,b.1.1,DEFINITIVA
RE-064056,PLANTA GENERADORA FOTOVOLTAICA TENERIFE KM. 19 S.L.,Jerez de la Frontera,Cadiz,1,0009/08/CA,100000,b.1.1,DEFINITIVA
RE-064057,76-GUADARRANQUE G05,San Roque,Cadiz,1,0011/08/CA,100000,b.1.1,DEFINITIVA
RE-064058,77-GUADARRANQUE G06,San Roque,Cadiz,1,0012/08/CA,100000,b.1.1,DEFINITIVA
RE-064059,85-GUADARRANQUE H04,San Roque,Cadiz,1,0013/08/CA,100000,b.1.1,DEFINITIVA
RE-064060,86-GUADARRANQUE H05,San Roque,Cadiz,1,0014/08/CA,100000,b.1.1,DEFINITIVA
RE-064061,87-GUADARRANQUE H06,San Roque,Cadiz,1,0015/08/CA,100000,b.1.1,DEFINITIVA
RE-064062,90-GUADARRANQUE H09,San Roque,Cadiz,1,0018/08/CA,100000,b.1.1,DEFINITIVA
RE-064063,91-GUADARRANQUE I01,San Roque,Cadiz,1,0019/08/CA,100000,b.1.1,DEFINITIVA
RE-064064,92-GUADARRANQUE I02,San Roque,Cadiz,1,0020/08/CA,100000,b.1.1,DEFINITIVA
RE-064065,93-GUADARRANQUE I03,San Roque,Cadiz,1,0021/08/CA,100000,b.1.1,DEFINITIVA
RE-064066,94-GUADARRANQUE I04,San Roque,Cadiz,1,0022/08/CA,100000,b.1.1,DEFINITIVA
RE-064067,100-GUADARRANQUE J01,San Roque,Cadiz,1,0028/08/CA,100000,b.1.1,DEFINITIVA
RE-064068,101-GUADARRANQUE J02,San Roque,Cadiz,1,0029/08/CA,100000,b.1.1,DEFINITIVA
RE-064069,102-GUADARRANQUE J03,San Roque,Cadiz,1,0030/08/CA,100000,b.1.1,DEFINITIVA
RE-064070,104-GUADARRANQUE J05,San Roque,Cadiz,1,0032/08/CA,100000,b.1.1,DEFINITIVA
RE-064071,105-GUADARRANQUE K01,San Roque,Cadiz,1,0033/08/CA,100000,b.1.1,DEFINITIVA
RE-064072,106-GUADARRANQUE K02,San Roque,Cadiz,1,0034/08/CA,100000,b.1.1,DEFINITIVA
RE-064073,107-GUADARRANQUE K03,San Roque,Cadiz,1,0035/08/CA,100000,b.1.1,DEFINITIVA
RE-064074,113-GUADARRANQUE L04,San Roque,Cadiz,1,0041/08/CA,100000,b.1.1,DEFINITIVA
RE-064075,112-GUADARRANQUE L03,San Roque,Cadiz,1,0040/08/CA,100000,b.1.1,DEFINITIVA
RE-064076,PLANTA GENERADORA FOTOVOLTAICA 33-GUADARRANQUE C07,San Roque,Cadiz,1,0054/08/CA,100000,b.1.1,DEFINITIVA
RE-064077,PLANTA GENERADORA FOTOVOLTAICA 34-GUADARRANQUE C08,San Roque,Cadiz,1,0055/08/CA,100000,b.1.1,DEFINITIVA
RE-064078,PLANTA GENERADORA FOTOVOLTAICA 44-GUADARRANQUE D06,San Roque,Cadiz,1,0056/08/CA,100000,b.1.1,DEFINITIVA
RE-064079,PLANTA GENERADORA FOTOVOLTAICA 45-GUADARRANQUE D07,San Roque,Cadiz,1,0057/08/CA,100000,b.1.1,DEFINITIVA
RE-064080,PLANTA GENERADORA FOTOVOLTAICA 46-GUADARRANQUE D08,San Roque,Cadiz,1,0058/08/CA,100000,b.1.1,DEFINITIVA
RE-064081,PLANTA GENERADORA FOTOVOLTAICA 47-GUADARRANQUE D09,San Roque,Cadiz,1,0059/08/CA,100000,b.1.1,DEFINITIVA
RE-064082,PLANTA GENERADORA FOTOVOLTAICA 4822-GUADARRANQUE D10,San Roque,Cadiz,1,0060/08/CA,100000,b.1.1,DEFINITIVA
RE-064083,PLANTA GENERADORA FOTOVOLTAICA 49-GUADARRANQUE D11,San Roque,Cadiz,1,0061/08/CA,100000,b.1.1,DEFINITIVA
RE-064084,PLANTA GENERADORA FOTOVOLTAICA 50-GUADARRANQUE D12,San Roque,Cadiz,1,0062/08/CA,100000,b.1.1,DEFINITIVA
RE-064085,PLANTA GENERADORA FOTOVOLTAICA 51-GUADARRANQUE E01,San Roque,Cadiz,1,0063/08/CA,100000,b.1.1,DEFINITIVA
RE-064086,PLANTA GENERADORA FOTOVOLTAICA 52-GUADARRANQUE E02,San Roque,Cadiz,1,0064/08/CA,100000,b.1.1,DEFINITIVA
RE-064087,PLANTA GENERADORA FOTOVOLTAICA 53-GUADARRANQUE E03,San Roque,Cadiz,1,0065/08/CA,100000,b.1.1,DEFINITIVA
RE-064089,PLANTA GENERADORA FOTOVOLTAICA 55-GUADARRANQUE E05,San Roque,Cadiz,1,0066/08/CA,100000,b.1.1,DEFINITIVA
RE-064090,PLANTA GENERADORA FOTOVOLTAICA 56-GUADARRANQUE E06,San Roque,Cadiz,1,0067/08/CA,100000,b.1.1,DEFINITIVA
RE-064091,PLANTA GENERADORA FOTOVOLTAICA 57-GUADARRANQUE E07,San Roque,Cadiz,1,0068/08/CA,100000,b.1.1,DEFINITIVA
RE-064092,PLANTA GENERADORA FOTOVOLTAICA 58-GUADARRANQUE E08,San Roque,Cadiz,1,0069/08/CA,100000,b.1.1,DEFINITIVA
RE-064093,PLANTA GENERADORA FOTOVOLTAICA 59-GUADARRANQUE E09,San Roque,Cadiz,1,0070/08/CA,100000,b.1.1,DEFINITIVA
RE-064094,PLANTA GENERADORA FOTOVOLTAICA 60-GUADARRANQUE E10,San Roque,Cadiz,1,0071/08/CA,100000,b.1.1,DEFINITIVA
RE-064095,PLANTA GENERADORA FOTOVOLTAICA 61-GUADARRANQUE E11B08,San Roque,Cadiz,1,0072/08/CA,100000,b.1.1,DEFINITIVA
RE-064096,PLANTA GENERADORA FOTOVOLTAICA 62-GUADARRANQUE F01B08,San Roque,Cadiz,1,0073/08/CA,100000,b.1.1,DEFINITIVA
RE-064097,PLANTA GENERADORA FOTOVOLTAICA 63-GUADARRANQUE F02,San Roque,Cadiz,1,0074/08/CA,100000,b.1.1,DEFINITIVA
RE-064098,PLANTA GENERADORA FOTOVOLTAICA 63-GUADARRANQUE F02,San Roque,Cadiz,1,0075/08/CA,100000,b.1.1,DEFINITIVA
RE-064099,PLANTA GENERADORA FOTOVOLTAICA 65-GUADARRANQUE F04,San Roque,Cadiz,1,0076/08/CA,100000,b.1.1,DEFINITIVA
RE-064100,PLANTA GENERADORA FOTOVOLTAICA 66-GUADARRANQUE F05,San Roque,Cadiz,1,0077/08/CA,100000,b.1.1,DEFINITIVA
RE-064101,PLANTA GENERADORA FOTOVOLTAICA 67-GUADARRANQUE F06,San Roque,Cadiz,1,0078/08/CA,100000,b.1.1,DEFINITIVA
RE-064102,PLANTA GENERADORA FOTOVOLTAICA 68-GUADARRANQUE F07,San Roque,Cadiz,1,0079/08/CA,100000,b.1.1,DEFINITIVA
RE-064103,PLANTA GENERADORA FOTOVOLTAICA 69-GUADARRANQUE F08,San Roque,Cadiz,1,0080/08/CA,100000,b.1.1,DEFINITIVA
RE-064104,PLANTA GENERADORA FOTOVOLTAICA 70-GUADARRANQUE F09,San Roque,Cadiz,1,0081/08/CA,100000,b.1.1,DEFINITIVA
RE-064105,PLANTA GENERADORA FOTOVOLTAICA 71-GUADARRANQUE F10,San Roque,Cadiz,1,0082/08/CA,100000,b.1.1,DEFINITIVA
RE-064106,PLANTA GENERADORA FOTOVOLTAICA 72-GUADARRANQUE G01,San Roque,Cadiz,1,0083/08/CA,100000,b.1.1,DEFINITIVA
RE-064219,COLEGIO OFICIAL INGL INDS. DE ANDALUCIA OCCIDENTAL,Cádiz,Cadiz,1,0259/08/CA,5000,b.1.1,DEFINITIVA
RE-064221,SOLPEX ENERGIA 2 - A.S. VEJER 1,Vejer de la Frontera,Cadiz,1,0304/08/CA,99000,b.1.1,DEFINITIVA
RE-064222,SOLPEX ENERGIA 3 - A.S. VEJER 1,Vejer de la Frontera,Cadiz,1,0305/08/CA,99000,b.1.1,DEFINITIVA
RE-064223,SOLPEX ENERGIA 4 - A.S. VEJER 1,Vejer de la Frontera,Cadiz,1,0306/08/CA,99000,b.1.1,DEFINITIVA
RE-064224,SOLPEX ENERGIA 5 - A.S. VEJER 1,Vejer de la Frontera,Cadiz,1,0307/08/CA,99000,b.1.1,DEFINITIVA
RE-064225,SOLPEX ENERGIA 6 - A.S. VEJER 1,Vejer de la Frontera,Cadiz,1,0308/08/CA,99000,b.1.1,DEFINITIVA
RE-064226,SOLPEX ENERGIA 7 - A.S. VEJER 1,Vejer de la Frontera,Cadiz,1,0309/08/CA,99000,b.1.1,DEFINITIVA
RE-064227,SOLPEX ENERGIA 8 - A.S. VEJER 1,Vejer de la Frontera,Cadiz,1,0310/08/CA,99000,b.1.1,DEFINITIVA
RE-064228,SOLPEX ENERGIA 9 - A.S. VEJER 1,Vejer de la Frontera,Cadiz,1,0311/08/CA,99000,b.1.1,DEFINITIVA
RE-064229,SOLPEX ENERGIA 10 - A.S. VEJER 1,Vejer de la Frontera,Cadiz,1,0312/08/CA,99000,b.1.1,DEFINITIVA
RE-064230,SOLPEX ENERGIA 11 - A.S. VEJER 1,Vejer de la Frontera,Cadiz,1,0313/08/CA,99000,b.1.1,DEFINITIVA
RE-064231,SOLPEX ENERGIA 12 - A.S. VEJER 1,Vejer de la Frontera,Cadiz,1,0314/08/CA,99000,b.1.1,DEFINITIVA
RE-064232,SOLPEX ENERGIA 13- A.S. VEJER 1,Vejer de la Frontera,Cadiz,1,0315/08/CA,99000,b.1.1,DEFINITIVA
RE-064233,SOLPEX ENERGIA 14 - A.S. VEJER 1,Vejer de la Frontera,Cadiz,1,0316/08/CA,99000,b.1.1,DEFINITIVA
RE-064234,SOLPEX ENERGIA 15 - A.S. VEJER 1,Vejer de la Frontera,Cadiz,1,0317/08/CA,99000,b.1.1,DEFINITIVA
RE-064235,SOLPEX ENERGIA 16 - A.S. VEJER 1,Vejer de la Frontera,Cadiz,1,0318/08/CA,99000,b.1.1,DEFINITIVA
RE-064236,SOLPEX ENERGIA 17 - A.S. VEJER 1,Vejer de la Frontera,Cadiz,1,0319/08/CA,99000,b.1.1,DEFINITIVA
RE-064237,SOLPEX ENERGIA 18 - A.S. VEJER 1,Vejer de la Frontera,Cadiz,1,0320/08/CA,99000,b.1.1,DEFINITIVA
RE-064238,SOLPEX ENERGIA 19 - A.S. VEJER 1,Vejer de la Frontera,Cadiz,1,0321/08/CA,90000,b.1.1,DEFINITIVA
RE-064239,SOLPEX ENERGIA 1 - A.S. VEJER 2,Vejer de la Frontera,Cadiz,1,0322/08/CA,99000,b.1.1,DEFINITIVA
RE-064240,SOLPEX ENERGIA 2 - A.S. VEJER 2,Vejer de la Frontera,Cadiz,1,0323/08/CA,99000,b.1.1,DEFINITIVA
RE-064241,SOLPEX ENERGIA 3 - A.S. VEJER 2,Vejer de la Frontera,Cadiz,1,0324/08/CA,99000,b.1.1,DEFINITIVA
RE-064242,SOLPEX ENERGIA 4 - A.S. VEJER 2,Vejer de la Frontera,Cadiz,1,0325/08/CA,99000,b.1.1,DEFINITIVA
RE-064243,SOLPEX ENERGIA 5 - A.S. VEJER 2,Vejer de la Frontera,Cadiz,1,0326/08/CA,99000,b.1.1,DEFINITIVA
RE-064244,SOLPEX ENERGIA 6 - A.S. VEJER 2,Vejer de la Frontera,Cadiz,1,0327/08/CA,99000,b.1.1,DEFINITIVA
RE-064245,SOLPEX ENERGIA 7 - A.S. VEJER 2,Vejer de la Frontera,Cadiz,1,0328/08/CA,99000,b.1.1,DEFINITIVA
RE-064246,SOLPEX ENERGIA 8 - A.S. VEJER 2,Vejer de la Frontera,Cadiz,1,0329/08/CA,99000,b.1.1,DEFINITIVA
RE-064247,SOLPEX ENERGIA 9 - A.S. VEJER 2,Vejer de la Frontera,Cadiz,1,0330/08/CA,99000,b.1.1,DEFINITIVA
RE-064248,SOLPEX ENERGIA 10 - A.S. VEJER 2,Vejer de la Frontera,Cadiz,1,0331/08/CA,99000,b.1.1,DEFINITIVA
RE-064249,SOLPEX ENERGIA 11- A.S. VEJER 2,Vejer de la Frontera,Cadiz,1,0332/08/CA,99000,b.1.1,DEFINITIVA
RE-064250,SOLPEX ENERGIA 12 - A.S. VEJER 2,Vejer de la Frontera,Cadiz,1,0333/08/CA,99000,b.1.1,DEFINITIVA
RE-064251,SOLPEX ENERGIA 13 - A.S. VEJER 2,Vejer de la Frontera,Cadiz,1,0334/08/CA,99000,b.1.1,DEFINITIVA
RE-064252,SOLPEX ENERGIA 14 - A.S. VEJER 2,Vejer de la Frontera,Cadiz,1,0335/08/CA,99000,b.1.1,DEFINITIVA
RE-064253,SOLPEX ENERGIA 15 - A.S. VEJER 2,Vejer de la Frontera,Cadiz,1,0336/08/CA,99000,b.1.1,DEFINITIVA
RE-064254,SOLPEX ENERGIA 16 - A.S. VEJER 2,Vejer de la Frontera,Cadiz,1,0337/08/CA,99000,b.1.1,DEFINITIVA
RE-064255,SOLPEX ENERGIA 17 - A.S. VEJER 2,Vejer de la Frontera,Cadiz,1,0338/08/CA,99000,b.1.1,DEFINITIVA
RE-064256,SOLPEX ENERGIA 18 - A.S. VEJER 2,Vejer de la Frontera,Cadiz,1,0339/08/CA,99000,b.1.1,DEFINITIVA
RE-064257,SOLPEX ENERGIA 19 - A.S. VEJER 2,Vejer de la Frontera,Cadiz,1,0340/08/CA,90000,b.1.1,DEFINITIVA
RE-064258,SOLPEX ENERGIA 1 - A.S. VEJER 3,Vejer de la Frontera,Cadiz,1,0341/08/CA,99000,b.1.1,DEFINITIVA
RE-064259,SOLPEX ENERGIA 2 - A.S. VEJER 3,Vejer de la Frontera,Cadiz,1,0342/08/CA,99000,b.1.1,DEFINITIVA
RE-064260,SOLPEX ENERGIA 3 - A.S. VEJER 3,Vejer de la Frontera,Cadiz,1,0343/08/CA,99000,b.1.1,DEFINITIVA
RE-064261,SOLPEX ENERGIA 4 - A.S. VEJER 3,Vejer de la Frontera,Cadiz,1,0344/08/CA,99000,b.1.1,DEFINITIVA
RE-064262,SOLPEX ENERGIA 5 - A.S. VEJER 3,Vejer de la Frontera,Cadiz,1,0345/08/CA,99000,b.1.1,DEFINITIVA
RE-064263,SOLPEX ENERGIA 6 - A.S. VEJER 3,Vejer de la Frontera,Cadiz,1,0346/08/CA,99000,b.1.1,DEFINITIVA
RE-065333,PLANTA GENERADORA FOTOVOLTAICA 73-GUADARRANQUE G02,San Roque,Cadiz,1,0084/08/CA,100000,b.1.1,DEFINITIVA
RE-065334,PLANTA GENERADORA FOTOVOLTAICA 74-GUADARRANQUE G03,San Roque,Cadiz,1,0085/08/CA,100000,b.1.1,DEFINITIVA
RE-065335,PLANTA GENERADORA FOTOVOLTAICA 78-GUADARRANQUE G07,San Roque,Cadiz,1,0086/08/CA,100000,b.1.1,DEFINITIVA
RE-065336,PLANTA GENERADORA FOTOVOLTAICA 79-GUADARRANQUE G08,San Roque,Cadiz,1,0087/08/CA,100000,b.1.1,DEFINITIVA
RE-065337,PLANTA GENERADORA FOTOVOLTAICA 80-GUADARRANQUE G09,San Roque,Cadiz,1,0088/08/CA,100000,b.1.1,DEFINITIVA
RE-065338,PLANTA GENERADORA FOTOVOLTAICA 81-GUADARRANQUE G10,San Roque,Cadiz,1,0089/08/CA,100000,b.1.1,DEFINITIVA
RE-065339,PLANTA GENERADORA FOTOVOLTAICA 82-GUADARRANQUE GH01,San Roque,Cadiz,1,0090/08/CA,100000,b.1.1,DEFINITIVA
RE-065340,PLANTA GENERADORA FOTOVOLTAICA 83-GUADARRANQUE H02,San Roque,Cadiz,1,0091/08/CA,100000,b.1.1,DEFINITIVA
RE-065341,PLANTA GENERADORA FOTOVOLTAICA 84-GUADARRANQUE H02,San Roque,Cadiz,1,0092/08/CA,100000,b.1.1,DEFINITIVA
RE-065379,INGRASA,Puerto Real,Cadiz,1,0300/08/CA,100000,b.1.1,DEFINITIVA
RE-065380,ALMASUR II,Puerto Real,Cadiz,1,0298/08/CA,100000,b.1.1,DEFINITIVA
RE-065381,JOSE RAMIREZ MENDOZA,Conil de la Frontera,Cadiz,1,0360/08/CA,100000,b.1.1,DEFINITIVA
RE-065382,FYXER XXI,Jerez de la Frontera,Cadiz,1,0302/08/CA,40000,b.1.1,DEFINITIVA
RE-065383,DIARIO DE CADIZ,Puerto Real,Cadiz,1,0301/08/CA,100000,b.1.1,DEFINITIVA
RE-065384,PROTECSIL,Rota,Cadiz,1,0397/08/CA,40000,b.1.1,DEFINITIVA
RE-065385,AXCMO. AYUNTº DE ROTA,Rota,Cadiz,1,0398/08/CA,5000,b.1.1,DEFINITIVA
RE-065386,ENVASESA S.L.,Chipiona,Cadiz,1,0443/08/CA,100000,b.1.1,DEFINITIVA
RE-065503,"TENOHUERTAS 110, S.L.",Puerto de Santa María (El),Cadiz,1,0145/08/CA,100000,b.1.1,DEFINITIVA
RE-065513,FUNDACION EEPP SAFA CHICLANA,Chiclana de la Frontera,Cadiz,1,0362/08/CA,45000,b.1.1,DEFINITIVA
RE-065514,FUNDACION EEPP SAFA JEREZ 1,Jerez de la Frontera,Cadiz,1,0363/08/CA,37500,b.1.1,DEFINITIVA
RE-065515,FUNDACION EEPP SAFA JEREZ II,Jerez de la Frontera,Cadiz,1,0364/08/CA,37500,b.1.1,DEFINITIVA
RE-065531,"MARCEGOSO SOALR I, S.L.",Villamartín,Cadiz,1,0239/08/CA,100000,b.1.1,DEFINITIVA
RE-065532,"MARCEGOSO SOLAR II, S.L.",Villamartín,Cadiz,1,0240/08/CA,100000,b.1.1,DEFINITIVA
RE-065533,"MARCEGOSO SOLAR III, S.L.",Villamartín,Cadiz,1,0241/08/CA,100000,b.1.1,DEFINITIVA
RE-065534,"MARCEGOSO SOLAR IV, S.L.",Villamartín,Cadiz,1,0242/08/CA,100000,b.1.1,DEFINITIVA
RE-065535,"MARCEGOSO SOLAR V, S.L.",Villamartín,Cadiz,1,0243/08/CA,100000,b.1.1,DEFINITIVA
RE-065536,"MARCEGOSO SOLAR VI, S.L.",Villamartín,Cadiz,1,0244/08/CA,100000,b.1.1,DEFINITIVA
RE-065537,"MARCEGOSO SOLAR VII, S.L.",Villamartín,Cadiz,1,0245/08/CA,100000,b.1.1,DEFINITIVA
RE-065538,"MARCEGOSO SOLAR VIII, S.L.",Villamartín,Cadiz,1,0246/08/CA,100000,b.1.1,DEFINITIVA
RE-065539,"MARCEGOSO SOLAR IX, S.L.",Villamartín,Cadiz,1,0247/08/CA,100000,b.1.1,DEFINITIVA
RE-065540,"MARCEGOSO SOLAR X, S.L.",Villamartín,Cadiz,1,0248/08/CA,100000,b.1.1,DEFINITIVA
RE-065541,"MARCEGOSO SOLAR XI, S.L.",Villamartín,Cadiz,1,0249/08/CA,100000,b.1.1,DEFINITIVA
RE-065691,"MARCEGOSO SOLAR XII, S.L.",Villamartín,Cadiz,1,0250/08/CA,100000,b.1.1,DEFINITIVA
RE-065692,"MARCEGOSO SOLAR XIII, S.L.",Villamartín,Cadiz,1,0251/08/CA,100000,b.1.1,DEFINITIVA
RE-065693,"MARCEGOSO SOLAR XIV, S.L.",Villamartín,Cadiz,1,0252/08/CA,100000,b.1.1,DEFINITIVA
RE-065694,"MARCEGOSO SOLAR XV, S.L.",Villamartín,Cadiz,1,0253/08/CA,100000,b.1.1,DEFINITIVA
RE-065695,"MARCEGOSO SOLAR XVI, S.L.",Villamartín,Cadiz,1,0254/08/CA,100000,b.1.1,DEFINITIVA
RE-065696,"MARCEGOSO SOLAR XVII, S.L.",Villamartín,Cadiz,1,0255/08/CA,100000,b.1.1,DEFINITIVA
RE-065697,"MARCEGOSO SOLAR XVIII, S.L.",Villamartín,Cadiz,1,0256/08/CA,100000,b.1.1,DEFINITIVA
RE-065698,"MARCEGOSO SOLAR XIX, S.L.",Villamartín,Cadiz,1,0257/08/CA,90000,b.1.1,DEFINITIVA
RE-065699,PISCINA CUBIERTA,Puerto Real,Cadiz,1,0451/08/CA,63000,b.1.1,DEFINITIVA
RE-065700,TEJADO FOTOVOLTAICA IMPRO,Puerto Real,Cadiz,1,0450/08/CA,63000,b.1.1,DEFINITIVA
RE-065701,SANTISOLAR,Jerez de la Frontera,Cadiz,1,0444/08/CA,5000,b.1.1,DEFINITIVA
RE-065925,CALAÑAS FOTOVOLTAICA 26,Jerez de la Frontera,Cadiz,1,0466/08/CA,100000,b.1.1,DEFINITIVA
RE-065926,CALAÑAS FOTOVOLTAICA 27,Jerez de la Frontera,Cadiz,1,0467/08/CA,100000,b.1.1,DEFINITIVA
RE-065927,CALAÑAS FOTOVOLTAICA 28,Jerez de la Frontera,Cadiz,1,0468/08/CA,100000,b.1.1,DEFINITIVA
RE-065928,CALAÑAS FOTOVOLTAICA 29,Jerez de la Frontera,Cadiz,1,0469/08/CA,100000,b.1.1,DEFINITIVA
RE-065929,CALAÑAS FOTOVOLTAICA 30,Jerez de la Frontera,Cadiz,1,0470/08/CA,100000,b.1.1,DEFINITIVA
RE-065930,CALAÑAS FOTOVOLTAICA 31,Jerez de la Frontera,Cadiz,1,0471/08/CA,100000,b.1.1,DEFINITIVA
RE-065931,CALAÑAS FOTOVOLTAICA 33,Jerez de la Frontera,Cadiz,1,0473/08/CA,100000,b.1.1,DEFINITIVA
RE-065932,CALAÑAS FOTOVOLTAICA 34,Jerez de la Frontera,Cadiz,1,0474/08/CA,100000,b.1.1,DEFINITIVA
RE-065933,CALAÑAS FOTOVOLTAICA 35,Jerez de la Frontera,Cadiz,1,0475/08/CA,100000,b.1.1,DEFINITIVA
RE-066088,"KOMARU ALFA, S.L.",Jerez de la Frontera,Cadiz,1,0452/08/CA,100000,b.1.1,DEFINITIVA
RE-066089,"KOMARU BETA, S.L.",Jerez de la Frontera,Cadiz,1,0453/08/CA,100000,b.1.1,DEFINITIVA
RE-066090,"KOMARU DELTA, S.L.",Jerez de la Frontera,Cadiz,1,0454/08/CA,100000,b.1.1,DEFINITIVA
RE-066091,"KOMARU GAMMA, S.L.",Jerez de la Frontera,Cadiz,1,0455/08/CA,100000,b.1.1,DEFINITIVA
RE-066092,"KOMARU KAPRA, S.L.",Jerez de la Frontera,Cadiz,1,0456/08/CA,100000,b.1.1,DEFINITIVA
RE-066093,"KOMARU OMEGA, S.L.",Jerez de la Frontera,Cadiz,1,0457/08/CA,100000,b.1.1,DEFINITIVA
RE-066094,"SAULE OEMGA, S.L.",Jerez de la Frontera,Cadiz,1,0458/08/CA,100000,b.1.1,DEFINITIVA
RE-066095,"SAULE SIGMA, S.L.",Jerez de la Frontera,Cadiz,1,0459/08/CA,100000,b.1.1,DEFINITIVA
RE-066096,"AURINKO BETA, S.L.",Jerez de la Frontera,Cadiz,1,0460/08/CA,100000,b.1.1,DEFINITIVA
RE-066097,"KOMARU SIGMA, S.L.",Jerez de la Frontera,Cadiz,1,0461/08/CA,100000,b.1.1,DEFINITIVA
RE-066098,"KOMARU YPSILON, S.L.",Jerez de la Frontera,Cadiz,1,0462/08/CA,100000,b.1.1,DEFINITIVA
RE-066099,"SLUNCE ALFA, S.L.",Jerez de la Frontera,Cadiz,1,0463/08/CA,100000,b.1.1,DEFINITIVA
RE-066295,"PROMATRA, S.A.",Tarifa,Cadiz,1,0449/08/CA,10000,b.1.1,DEFINITIVA
RE-066296,JAVIER ALIAGA PÉREZ,Jerez de la Frontera,Cadiz,1,0464/08/CA,10000,b.1.1,DEFINITIVA
RE-066297,JESÚS ECHARTE VIDAL,Jerez de la Frontera,Cadiz,1,0465/08/CA,15000,b.1.1,DEFINITIVA
RE-066347,ANDEVALOFOT 8,Jerez de la Frontera,Cadiz,1,0365/08/CA,100000,b.1.1,DEFINITIVA
RE-066348,ANDEVALOFOT 9,Jerez de la Frontera,Cadiz,1,0366/08/CA,100000,b.1.1,DEFINITIVA
RE-066349,ANDEVALOFOT 10,Jerez de la Frontera,Cadiz,1,0367/08/CA,100000,b.1.1,DEFINITIVA
RE-066350,ANDEVALOFOT 18,Jerez de la Frontera,Cadiz,1,0368/08/CA,100000,b.1.1,DEFINITIVA
RE-066351,ANDEVALOFOT 19,Jerez de la Frontera,Cadiz,1,0369/08/CA,100000,b.1.1,DEFINITIVA
RE-066352,ANDEVALOFOT 20,Jerez de la Frontera,Cadiz,1,0370/08/CA,100000,b.1.1,DEFINITIVA
RE-066353,ANDEVALOFOT 21,Jerez de la Frontera,Cadiz,1,0371/08/CA,100000,b.1.1,DEFINITIVA
RE-066354,ANDEVALOFOT 22,Jerez de la Frontera,Cadiz,1,0372/08/CA,100000,b.1.1,DEFINITIVA
RE-066355,ANDEVALOFOT 23,Jerez de la Frontera,Cadiz,1,0373/08/CA,100000,b.1.1,DEFINITIVA
RE-066356,ANDEVALOFOT 24,Jerez de la Frontera,Cadiz,1,0374/08/CA,100000,b.1.1,DEFINITIVA
RE-066357,ANDEVALOFOT 25,Jerez de la Frontera,Cadiz,1,0375/08/CA,100000,b.1.1,DEFINITIVA
RE-066358,ANDEVALOFOT 26,Jerez de la Frontera,Cadiz,1,0376/08/CA,100000,b.1.1,DEFINITIVA
RE-066359,ANDEVALOFOT 27,Jerez de la Frontera,Cadiz,1,0377/08/CA,100000,b.1.1,DEFINITIVA
RE-066360,ANDEVALOFOT 28,Jerez de la Frontera,Cadiz,1,0378/08/CA,100000,b.1.1,DEFINITIVA
RE-066361,ANDEVALOFOT 29,Jerez de la Frontera,Cadiz,1,0379/08/CA,100000,b.1.1,DEFINITIVA
RE-066362,ANDEVALOFOT 30,Jerez de la Frontera,Cadiz,1,0380/08/CA,100000,b.1.1,DEFINITIVA
RE-066363,ANDEVALOFOT 31,Jerez de la Frontera,Cadiz,1,0381/08/CA,100000,b.1.1,DEFINITIVA
RE-066364,ANDEVALOFOT 32,Jerez de la Frontera,Cadiz,1,0382/08/CA,100000,b.1.1,DEFINITIVA
RE-066365,ANDEVALOFOT 33,Jerez de la Frontera,Cadiz,1,0383/08/CA,100000,b.1.1,DEFINITIVA
RE-066366,ANDEVALOFOT 34,Jerez de la Frontera,Cadiz,1,0384/08/CA,100000,b.1.1,DEFINITIVA
RE-066367,ANDEVALOFOT 35,Jerez de la Frontera,Cadiz,1,0385/08/CA,100000,b.1.1,DEFINITIVA
RE-066368,ANDEVALOFOT 36,Jerez de la Frontera,Cadiz,1,0386/08/CA,100000,b.1.1,DEFINITIVA
RE-066369,ANDEVALOFOT 37,Jerez de la Frontera,Cadiz,1,0387/08/CA,100000,b.1.1,DEFINITIVA
RE-066370,ANDEVALOFOT 38,Jerez de la Frontera,Cadiz,1,0388/08/CA,100000,b.1.1,DEFINITIVA
RE-066371,ANDEVALOFOT 39,Jerez de la Frontera,Cadiz,1,0389/08/CA,100000,b.1.1,DEFINITIVA
RE-066372,ANDEVALOFOT 40,Jerez de la Frontera,Cadiz,1,0390/08/CA,100000,b.1.1,DEFINITIVA
RE-066373,ANDEVALOFOT 41,Jerez de la Frontera,Cadiz,1,0391/08/CA,100000,b.1.1,DEFINITIVA
RE-066531,ANDEVALOFOT 6,Jerez de la Frontera,Cadiz,1,0485/08/CA,100000,b.1.1,DEFINITIVA
RE-066532,ANDEVALOFOT 7,Jerez de la Frontera,Cadiz,1,0486/08/CA,100000,b.1.1,DEFINITIVA
RE-066533,ANDEVALOFOT 11,Jerez de la Frontera,Cadiz,1,0487/08/CA,100000,b.1.1,DEFINITIVA
RE-066534,ANDEVALOFOT 12,Jerez de la Frontera,Cadiz,1,0488/08/CA,100000,b.1.1,DEFINITIVA
RE-066535,ANDEVALOFOT 13,Jerez de la Frontera,Cadiz,1,0489/08/CA,100000,b.1.1,DEFINITIVA
RE-066536,ANDEVALOFOT 14,Jerez de la Frontera,Cadiz,1,0490/08/CA,100000,b.1.1,DEFINITIVA
RE-066537,ANDEVALOFOT 15,Jerez de la Frontera,Cadiz,1,0491/08/CA,100000,b.1.1,DEFINITIVA
RE-066614,CALAÑAS FOTOVOLTAICA 36,Jerez de la Frontera,Cadiz,1,0476/08/CA,100000,b.1.1,DEFINITIVA
RE-066615,CALAÑAS FOTOVOLTAICA 37,Jerez de la Frontera,Cadiz,1,0477/08/CA,100000,b.1.1,DEFINITIVA
RE-066616,CALAÑAS FOTOVOLTAICA 38,Jerez de la Frontera,Cadiz,1,0478/08/CA,100000,b.1.1,DEFINITIVA
RE-066617,CALAÑAS FOTOVOLTAICA 39,Jerez de la Frontera,Cadiz,1,0479/08/CA,100000,b.1.1,DEFINITIVA
RE-066618,CALAÑAS FOTOVOLTAICA 40,Jerez de la Frontera,Cadiz,1,0480/08/CA,100000,b.1.1,DEFINITIVA
RE-066619,CALAÑAS FOTOVOLTAICA 41,Jerez de la Frontera,Cadiz,1,0481/08/CA,100000,b.1.1,DEFINITIVA
RE-066620,CALAÑAS FOTOVOLTAICA 42,Jerez de la Frontera,Cadiz,1,0482/08/CA,100000,b.1.1,DEFINITIVA
RE-066621,CALAÑAS FOTOVOLTAICA 43,Jerez de la Frontera,Cadiz,1,0483/08/CA,100000,b.1.1,DEFINITIVA
RE-066622,ANDEVALOFOT 5,Jerez de la Frontera,Cadiz,1,0484/08/CA,100000,b.1.1,DEFINITIVA
RE-066840,"SOLPEX ENERGIA 1 A.S. ""CAÑOS 1""",Vejer de la Frontera,Cadiz,1,0399/08/CA,99000,b.1.1,DEFINITIVA
RE-066841,"SOLPEX ENERGIA 2 A.S. ""CAÑOS 1""",Vejer de la Frontera,Cadiz,1,0400/08/CA,99000,b.1.1,DEFINITIVA
RE-066842,"SOLPEX ENERGIA 3 A.S. ""CAÑOS 1""",Vejer de la Frontera,Cadiz,1,0401/08/CA,99000,b.1.1,DEFINITIVA
RE-066843,"SOLPEX ENERGIA 4 A.S. ""CAÑOS 1""",Vejer de la Frontera,Cadiz,1,0402/08/CA,99000,b.1.1,DEFINITIVA
RE-066844,"SOLPEX ENERGIA 5 A.S. ""CAÑOS 1""",Vejer de la Frontera,Cadiz,1,0403/08/CA,99000,b.1.1,DEFINITIVA
RE-066845,"SOLPEX ENERGIA 6 A.S. ""CAÑOS 1""",Vejer de la Frontera,Cadiz,1,0404/08/CA,99000,b.1.1,DEFINITIVA
RE-066846,"SOLPEX ENERGIA 7 A.S. ""CAÑOS 1""",Vejer de la Frontera,Cadiz,1,0405/08/CA,99000,b.1.1,DEFINITIVA
RE-066847,"SOLPEX ENERGIA 8 A.S. ""CAÑOS 1""",Vejer de la Frontera,Cadiz,1,0406/08/CA,99000,b.1.1,DEFINITIVA
RE-066848,"SOLPEX ENERGIA 9 A.S. ""CAÑOS 1""",Vejer de la Frontera,Cadiz,1,0407/08/CA,99000,b.1.1,DEFINITIVA
RE-066849,"SOLPEX ENERGIA 10 A.S. ""CAÑOS 1""",Vejer de la Frontera,Cadiz,1,0408/08/CA,99000,b.1.1,DEFINITIVA
RE-066850,"SOLPEX ENERGIA 11 A.S. ""CAÑOS 1""",Vejer de la Frontera,Cadiz,1,0409/08/CA,99000,b.1.1,DEFINITIVA
RE-066851,"SOLPEX ENERGIA 12 A.S. ""CAÑOS 1""",Vejer de la Frontera,Cadiz,1,0410/08/CA,99000,b.1.1,DEFINITIVA
RE-066852,"SOLPEX ENERGIA 13 A.S. ""CAÑOS 1""",Vejer de la Frontera,Cadiz,1,0411/08/CA,99000,b.1.1,DEFINITIVA
RE-066853,"SOLPEX ENERGIA 14 A.S. ""CAÑOS 1""",Vejer de la Frontera,Cadiz,1,0412/08/CA,99000,b.1.1,DEFINITIVA
RE-066854,"SOLPEX ENERGIA 15 A.S. ""CAÑOS 1""",Vejer de la Frontera,Cadiz,1,0413/08/CA,99000,b.1.1,DEFINITIVA
RE-066855,"SOLPEX ENERGIA 16 A.S. ""CAÑOS 1""",Vejer de la Frontera,Cadiz,1,0414/08/CA,99000,b.1.1,DEFINITIVA
RE-066856,"SOLPEX ENERGIA 17 A.S. ""CAÑOS 1""",Vejer de la Frontera,Cadiz,1,0415/08/CA,99000,b.1.1,DEFINITIVA
RE-066857,"SOLPEX ENERGIA 18 A.S. ""CAÑOS 1""",Vejer de la Frontera,Cadiz,1,0416/08/CA,99000,b.1.1,DEFINITIVA
RE-066858,"SOLPEX ENERGIA 19 A.S. ""CAÑOS 1""",Vejer de la Frontera,Cadiz,1,0417/08/CA,99000,b.1.1,DEFINITIVA
RE-066859,"SOLPEX ENERGIA 1 A.S. ""CAÑOS 2""",Vejer de la Frontera,Cadiz,1,0418/08/CA,99000,b.1.1,DEFINITIVA
RE-066860,"SOLPEX ENERGIA 2 A.S. ""CAÑOS 2""",Vejer de la Frontera,Cadiz,1,0419/08/CA,99000,b.1.1,DEFINITIVA
RE-066861,"SOLPEX ENERGIA 3 A.S. ""CAÑOS 2""",Vejer de la Frontera,Cadiz,1,0420/08/CA,99000,b.1.1,DEFINITIVA
RE-066862,"SOLPEX ENERGIA 4 A.S. ""CAÑOS 2""",Vejer de la Frontera,Cadiz,1,0421/08/CA,99000,b.1.1,DEFINITIVA
RE-066863,"SOLPEX ENERGIA 5 A.S. ""CAÑOS 2""",Vejer de la Frontera,Cadiz,1,0422/08/CA,99000,b.1.1,DEFINITIVA
RE-066864,"SOLPEX ENERGIA 6 A.S. ""CAÑOS 2""",Vejer de la Frontera,Cadiz,1,0423/08/CA,99000,b.1.1,DEFINITIVA
RE-066865,"SOLPEX ENERGIA 7 A.S. ""CAÑOS 2""",Vejer de la Frontera,Cadiz,1,0424/08/CA,99000,b.1.1,DEFINITIVA
RE-066866,"SOLPEX ENERGIA 8 A.S. ""CAÑOS 2""",Vejer de la Frontera,Cadiz,1,0425/08/CA,99000,b.1.1,DEFINITIVA
RE-066867,"SOLPEX ENERGIA 9 A.S. ""CAÑOS 2""",Vejer de la Frontera,Cadiz,1,0426/08/CA,99000,b.1.1,DEFINITIVA
RE-066868,"SOLPEX ENERGIA 10 A.S. ""CAÑOS 2""",Vejer de la Frontera,Cadiz,1,0427/08/CA,99000,b.1.1,DEFINITIVA
RE-066869,"SOLPEX ENERGIA 11 A.S. ""CAÑOS 2""",Vejer de la Frontera,Cadiz,1,0428/08/CA,99000,b.1.1,DEFINITIVA
RE-066870,"SOLPEX ENERGIA 12 A.S. ""CAÑOS 2""",Vejer de la Frontera,Cadiz,1,0429/08/CA,99000,b.1.1,DEFINITIVA
RE-066871,"SOLPEX ENERGIA 13 A.S. ""CAÑOS 2""",Vejer de la Frontera,Cadiz,1,0430/08/CA,99000,b.1.1,DEFINITIVA
RE-066872,"SOLPEX ENERGIA 14 A.S. ""CAÑOS 2""",Vejer de la Frontera,Cadiz,1,0431/08/CA,99000,b.1.1,DEFINITIVA
RE-066873,"SOLPEX ENERGIA 15 A.S. ""CAÑOS 2""",Vejer de la Frontera,Cadiz,1,0432/08/CA,99000,b.1.1,DEFINITIVA
RE-066874,"SOLPEX ENERGIA 16 A.S. ""CAÑOS 2""",Vejer de la Frontera,Cadiz,1,0433/08/CA,99000,b.1.1,DEFINITIVA
RE-066875,"SOLPEX ENERGIA 17 A.S. ""CAÑOS 2""",Vejer de la Frontera,Cadiz,1,0434/08/CA,99000,b.1.1,DEFINITIVA
RE-066876,"SOLPEX ENERGIA 18 A.S. ""CAÑOS 2""",Vejer de la Frontera,Cadiz,1,0435/08/CA,99000,b.1.1,DEFINITIVA
RE-066877,"SOLPEX ENERGIA 19 A.S. ""CAÑOS 2""",Vejer de la Frontera,Cadiz,1,0436/08/CA,99000,b.1.1,DEFINITIVA
RE-066878,"SOLPEX ENERGIA 1 A.S. ""CAÑOS 3""",Vejer de la Frontera,Cadiz,1,0437/08/CA,99000,b.1.1,DEFINITIVA
RE-066879,"SOLPEX ENERGIA 2 A.S. ""CAÑOS 3""",Vejer de la Frontera,Cadiz,1,0438/08/CA,99000,b.1.1,DEFINITIVA
RE-066880,"SOLPEX ENERGIA 3 A.S. ""CAÑOS 3""",Vejer de la Frontera,Cadiz,1,0439/08/CA,99000,b.1.1,DEFINITIVA
RE-066881,"SOLPEX ENERGIA 4 A.S. ""CAÑOS 3""",Vejer de la Frontera,Cadiz,1,0440/08/CA,99000,b.1.1,DEFINITIVA
RE-066882,"SOLPEX ENERGIA 5 A.S. ""CAÑOS 3""",Vejer de la Frontera,Cadiz,1,0441/08/CA,99000,b.1.1,DEFINITIVA
RE-066883,"SOLPEX ENERGIA 6 A.S. ""CAÑOS 3""",Vejer de la Frontera,Cadiz,1,0442/08/CA,20000,b.1.1,DEFINITIVA
RE-066888,AGENCIA MARITIMA PORTILLO,Puerto Real,Cadiz,1,0007/08/CA,100000,b.1.1,DEFINITIVA
RE-066889,SOLPEX ENERGIA 7 - A.S. VEJER 3,Vejer de la Frontera,Cadiz,1,0347/08/CA,99000,b.1.1,DEFINITIVA
RE-066890,SOLPEX ENERGIA 8 - A.S. VEJER 3,Vejer de la Frontera,Cadiz,1,0348/08/CA,99000,b.1.1,DEFINITIVA
RE-066891,SOLPEX ENERGIA 9 - A.S. VEJER 3,Vejer de la Frontera,Cadiz,1,0349/08/CA,99000,b.1.1,DEFINITIVA
RE-066892,SOLPEX ENERGIA 10 - A.S. VEJER 3,Vejer de la Frontera,Cadiz,1,0350/08/CA,99000,b.1.1,DEFINITIVA
RE-066893,SOLPEX ENERGIA 11 - A.S. VEJER 3,Vejer de la Frontera,Cadiz,1,0351/08/CA,99000,b.1.1,DEFINITIVA
RE-066894,SOLPEX ENERGIA 12 - A.S. VEJER 3,Vejer de la Frontera,Cadiz,1,0352/08/CA,99000,b.1.1,DEFINITIVA
RE-066895,SOLPEX ENERGIA 13 - A.S. VEJER 3,Vejer de la Frontera,Cadiz,1,0353/08/CA,99000,b.1.1,DEFINITIVA
RE-066896,SOLPEX ENERGIA14 - A.S. VEJER 3,Vejer de la Frontera,Cadiz,1,0354/08/CA,99000,b.1.1,DEFINITIVA
RE-066897,SOLPEX ENERGIA 15 - A.S. VEJER 3,Vejer de la Frontera,Cadiz,1,0355/08/CA,99000,b.1.1,DEFINITIVA
RE-066898,SOLPEX ENERGIA 16 - A.S. VEJER 3,Vejer de la Frontera,Cadiz,1,0356/08/CA,99000,b.1.1,DEFINITIVA
RE-066899,SOLPEX ENERGIA 17 - A.S. VEJER 3,Vejer de la Frontera,Cadiz,1,0357/08/CA,99000,b.1.1,DEFINITIVA
RE-066900,SOLPEX ENERGIA 18 - A.S. VEJER 3,Vejer de la Frontera,Cadiz,1,0358/08/CA,99000,b.1.1,DEFINITIVA
RE-066901,SOLPEX ENERGIA 19 - A.S. VEJER 3,Vejer de la Frontera,Cadiz,1,0359/08/CA,90000,b.1.1,DEFINITIVA
RE-067342,VIVEROTA,Rota,Cadiz,1,0495/08/CA,48960,b.1.1,DEFINITIVA
RE-067384,CAULINA,Jerez de la Frontera,Cadiz,1,0497/08/CA,30000,b.1.1,DEFINITIVA
RE-067387,ANDEVALOFOT 17,Jerez de la Frontera,Cadiz,1,0493/08/CA,100000,b.1.1,DEFINITIVA
RE-067388,ANDEVALOFOT - 16,Jerez de la Frontera,Cadiz,1,0492/08/CA,100000,b.1.1,DEFINITIVA
RE-067389,ANDEVALOFOT 42,Jerez de la Frontera,Cadiz,1,0494/08/CA,66000,b.1.1,DEFINITIVA
RE-067513,SUPERMERCADO PACO PAZOS S.L.,Cádiz,Cadiz,1,0506/08/CA,55000,b.1.1,DEFINITIVA
RE-067522,HARINERA VILAFRANQUINA - ZONA FRANCA,Cádiz,Cadiz,1,0507/08/CA,100000,b.1.1,DEFINITIVA
RE-067746,RENOVA ENERGIA SOLAR,Cádiz,Cadiz,1,0509/08/CA,69300,b.1.1,DEFINITIVA
RE-067867,SOLPEX ENERGIA 1 A.S. VEJER 1,Vejer de la Frontera,Cadiz,1,0496/08/CA,99000,b.1.1,DEFINITIVA
RE-067959,INSTALACION FOTOVOLTAICA 1º,Conil de la Frontera,Cadiz,1,0511/08/CA,72000,b.1.1,DEFINITIVA
RE-067960,INSTALACION FOTOVOLTAICA 2º,Conil de la Frontera,Cadiz,1,0512/08/CA,72000,b.1.1,DEFINITIVA
RE-068006,INSTALACION FOTOVOLTAICA 3º,Conil de la Frontera,Cadiz,1,0510/08/CA,72000,b.1.1,DEFINITIVA
RE-068105,SOL HERMES NEO,Cádiz,Cadiz,1,0508/08/CA,49500,b.1.1,DEFINITIVA
RE-068119,HERVAZ ENERGIAS RENOVABLES,Barrios (Los),Cadiz,1,0392/08/CA,100000,b.1.1,DEFINITIVA
RE-068120,PATRICIA PEREZ MONREAL,Puerto Real,Cadiz,1,0393/08/CA,2800,b.1.1,DEFINITIVA
RE-068121,MARTA Mª CERVERA GUERRERO,Puerto de Santa María (El),Cadiz,1,0394/08/CA,9210,b.1.1,DEFINITIVA
RE-068144,"PLANTA GENERADORA FOTOVOLTAICA EN CUBIERTA, UCAFOTON S.L.",Cádiz,Cadiz,1,0006/08/CA,100000,b.1.1,DEFINITIVA
RE-068146,INSTALADORA ENERGIA FOTOVOLTAICA SL,Olvera,Cadiz,1,0498/08/CA,100000,b.1.1,DEFINITIVA
RE-068147,"EUROPA SUR FOTOVOLTAICA, S.L.",Olvera,Cadiz,1,0499/08/CA,100000,b.1.1,DEFINITIVA
RE-068148,PASAPA PHAR INSTFOTOV. S.L.,Olvera,Cadiz,1,0500/08/CA,100000,b.1.1,DEFINITIVA
RE-068149,PROSPRO. S.L.,Olvera,Cadiz,1,0501/08/CA,100000,b.1.1,DEFINITIVA
RE-068150,ENERGY VBH INSTAFOTOVOLTAICA. S.L.,Olvera,Cadiz,1,0502/08/CA,100000,b.1.1,DEFINITIVA
RE-068151,ZODIAC INVESTMENT CORPORATION. S.L.,Olvera,Cadiz,1,0503/08/CA,100000,b.1.1,DEFINITIVA
RE-068152,VAHOBI ENERGY INSTALLATION. S.L.,Olvera,Cadiz,1,0504/08/CA,100000,b.1.1,DEFINITIVA
RE-068154,LIMSOL 1,Puerto de Santa María (El),Cadiz,1,0445/08/CA,96000,b.1.1,DEFINITIVA
RE-068155,LIMSOL 2,Puerto de Santa María (El),Cadiz,1,0446/08/CA,96000,b.1.1,DEFINITIVA
RE-068156,LIMSOL 3,Puerto de Santa María (El),Cadiz,1,0447/08/CA,96000,b.1.1,DEFINITIVA
RE-068157,LIMSOL 4,Puerto de Santa María (El),Cadiz,1,0448/08/CA,96000,b.1.1,DEFINITIVA
RE-068158,"DEL RIO FERNANDEZ SOLAR, S.L.",Jerez de la Frontera,Cadiz,1,0395/08/CA,100000,b.1.1,DEFINITIVA
RE-068159,INVEX NICOLAS S.L,Jerez de la Frontera,Cadiz,1,0396/08/CA,100000,b.1.1,DEFINITIVA
RE-068160,RTVEINTIUNO S.C.P,Rota,Cadiz,1,0211/08/CA,96000,b.1.1,DEFINITIVA
RE-068161,RTVEINTIDOS S.C.P,Rota,Cadiz,1,0212/08/CA,96000,b.1.1,DEFINITIVA
RE-068162,"RTVEINTITRES, S.C.P.",Rota,Cadiz,1,0213/08/CA,96000,b.1.1,DEFINITIVA
RE-068163,"RTVEINTICUATRO, S.C.P.",Rota,Cadiz,1,0214/08/CA,96000,b.1.1,DEFINITIVA
RE-068164,RTVEINTICINCO S.C.P,Rota,Cadiz,1,0215/08/CA,96000,b.1.1,DEFINITIVA
RE-068165,RTVEINTISEIS S.C.P,Rota,Cadiz,1,0216/08/CA,96000,b.1.1,DEFINITIVA
RE-068166,RTVEINTISIETE S.C.P,Rota,Cadiz,1,0217/08/CA,96000,b.1.1,DEFINITIVA
RE-068167,RTVEINTIOCHO S.C.P,Rota,Cadiz,1,0218/08/CA,96000,b.1.1,DEFINITIVA
RE-068168,RTVEINTINUEVE S.C.P,Rota,Cadiz,1,0219/08/CA,96000,b.1.1,DEFINITIVA
RE-068169,RTTREINTA S.C.P,Rota,Cadiz,1,0220/08/CA,96000,b.1.1,DEFINITIVA
RE-068170,RTTREINTA Y UNO S.C.P,Rota,Cadiz,1,0221/08/CA,96000,b.1.1,DEFINITIVA
RE-068171,RTTREINTA Y DOS S.C.P,Rota,Cadiz,1,0222/08/CA,96000,b.1.1,DEFINITIVA
RE-068172,RTTREINTA Y TRES S.C.P,Rota,Cadiz,1,0223/08/CA,96000,b.1.1,DEFINITIVA
RE-068173,RTTREINTA Y CUATRO S.C.P,Rota,Cadiz,1,0224/08/CA,96000,b.1.1,DEFINITIVA
RE-068174,RTTREINTA Y CINCO S.C.P,Rota,Cadiz,1,0225/08/CA,96000,b.1.1,DEFINITIVA
RE-068175,RTTREINTA Y SEIS S.C.P,Rota,Cadiz,1,0226/08/CA,96000,b.1.1,DEFINITIVA
RE-068176,RTTREINTA Y SIETE S.C.P,Rota,Cadiz,1,0227/08/CA,96000,b.1.1,DEFINITIVA
RE-068177,RTTREINTA Y OCHO S.C.P,Rota,Cadiz,1,0228/08/CA,96000,b.1.1,DEFINITIVA
RE-068178,RTTREINTA Y NUEVE S.C.P,Rota,Cadiz,1,0229/08/CA,96000,b.1.1,DEFINITIVA
RE-068179,RTCUARENTA S.C.P,Rota,Cadiz,1,0230/08/CA,64000,b.1.1,DEFINITIVA
RE-068182,CALAÑAS FOTOVOLTAICA 32,Jerez de la Frontera,Cadiz,1,0472/08/CA,100000,b.1.1,DEFINITIVA
RE-068184,ARROYO DEL BOTÁNICO,Sanlúcar de Barrameda,Cadiz,1,0621/05/CA,5000,b.1.1,DEFINITIVA
RE-068199,02-GUADARRANQUE A02,San Roque,Cadiz,1,0093/08/CA,100000,b.1.1,DEFINITIVA
RE-068201,FUNDACION EE.PP SAFA CADIZ,Cádiz,Cadiz,1,0299/08/CA,66000,b.1.1,DEFINITIVA
RE-068202,03-GUADARRANQUE A03,San Roque,Cadiz,1,0094/08/CA,100000,b.1.1,DEFINITIVA
RE-068223,04-GUADARRANQUE A04,San Roque,Cadiz,1,0095/08/CA,100000,b.1.1,DEFINITIVA
RE-068225,05-GUADARRANQUE A05,San Roque,Cadiz,1,0096/08/CA,100000,b.1.1,DEFINITIVA
RE-068226,06-GUADARRANQUE A06,San Roque,Cadiz,1,0097/08/CA,100000,b.1.1,DEFINITIVA
RE-068227,07-GUADARRANQUE A07,San Roque,Cadiz,1,0098/08/CA,100000,b.1.1,DEFINITIVA
RE-068228,08-GUADARRANQUE A08,San Roque,Cadiz,1,0099/08/CA,100000,b.1.1,DEFINITIVA
RE-068229,09-GUADARRANQUE A09,San Roque,Cadiz,1,0100/08/CA,100000,b.1.1,DEFINITIVA
RE-068230,10-GUADARRANQUE A10,San Roque,Cadiz,1,0101/08/CA,100000,b.1.1,DEFINITIVA
RE-068231,11-GUADARRANQUE A11,San Roque,Cadiz,1,0102/08/CA,100000,b.1.1,DEFINITIVA
RE-068232,12-GUADARRANQUE A12,San Roque,Cadiz,1,0103/08/CA,100000,b.1.1,DEFINITIVA
RE-068233,13-GUADARRANQUE A13,San Roque,Cadiz,1,0104/08/CA,100000,b.1.1,DEFINITIVA
RE-068234,14-GUADARRANQUE A14,San Roque,Cadiz,1,0105/08/CA,100000,b.1.1,DEFINITIVA
RE-068235,15-GUADARRANQUE B01,San Roque,Cadiz,1,0106/08/CA,100000,b.1.1,DEFINITIVA
RE-068236,16-GUADARRANQUE B02,San Roque,Cadiz,1,0107/08/CA,100000,b.1.1,DEFINITIVA
RE-068237,17-GUADARRANQUE B03,San Roque,Cadiz,1,0108/08/CA,100000,b.1.1,DEFINITIVA
RE-068238,18-GUADARRANQUE B04,San Roque,Cadiz,1,0109/08/CA,100000,b.1.1,DEFINITIVA
RE-068239,19-GUADARRANQUE B05,San Roque,Cadiz,1,0110/08/CA,100000,b.1.1,DEFINITIVA
RE-068240,20-GUADARRANQUE B06,San Roque,Cadiz,1,0111/08/CA,100000,b.1.1,DEFINITIVA
RE-068241,21-GUADARRANQUE B07,San Roque,Cadiz,1,0112/08/CA,100000,b.1.1,DEFINITIVA
RE-068242,23-GUADARRANQUE B09,San Roque,Cadiz,1,0113/08/CA,100000,b.1.1,DEFINITIVA
RE-068243,24-GUADARRANQUE B10,San Roque,Cadiz,1,0114/08/CA,100000,b.1.1,DEFINITIVA
RE-068244,25-GUADARRANQUE B11,San Roque,Cadiz,1,0115/08/CA,100000,b.1.1,DEFINITIVA
RE-068245,26-GUADARRANQUE B12,San Roque,Cadiz,1,0116/08/CA,100000,b.1.1,DEFINITIVA
RE-068246,27-GUADARRANQUE C01,San Roque,Cadiz,1,0117/08/CA,100000,b.1.1,DEFINITIVA
RE-068247,28-GUADARRANQUE C02,San Roque,Cadiz,1,0118/08/CA,100000,b.1.1,DEFINITIVA
RE-068248,29-GUADARRANQUE C03,San Roque,Cadiz,1,0119/08/CA,100000,b.1.1,DEFINITIVA
RE-068249,30-GUADARRANQUE C04,San Roque,Cadiz,1,0120/08/CA,100000,b.1.1,DEFINITIVA
RE-068250,31-GUADARRANQUE C05,San Roque,Cadiz,1,0121/08/CA,100000,b.1.1,DEFINITIVA
RE-068251,32-GUADARRANQUE C06,San Roque,Cadiz,1,0122/08/CA,100000,b.1.1,DEFINITIVA
RE-068252,35-GUADARRANQUE C09,San Roque,Cadiz,1,0123/08/CA,100000,b.1.1,DEFINITIVA
RE-068253,36-GUADARRANQUE C10,San Roque,Cadiz,1,0124/08/CA,100000,b.1.1,DEFINITIVA
RE-068254,37-GUADARRANQUE C11,San Roque,Cadiz,1,0125/08/CA,100000,b.1.1,DEFINITIVA
RE-068255,38-GUADARRANQUE C12,San Roque,Cadiz,1,0126/08/CA,100000,b.1.1,DEFINITIVA
RE-068256,39-GUADARRANQUE D01,San Roque,Cadiz,1,0127/08/CA,100000,b.1.1,DEFINITIVA
RE-068257,40-GUADARRANQUE D02,San Roque,Cadiz,1,0128/08/CA,100000,b.1.1,DEFINITIVA
RE-068258,41-GUADARRANQUE D03,San Roque,Cadiz,1,0129/08/CA,100000,b.1.1,DEFINITIVA
RE-068259,42-GUADARRANQUE D04,San Roque,Cadiz,1,0130/08/CA,100000,b.1.1,DEFINITIVA
RE-068260,43-GUADARRANQUE D05,San Roque,Cadiz,1,0131/08/CA,100000,b.1.1,DEFINITIVA
RE-068261,75-GUADARRANQUE G04,San Roque,Cadiz,1,0132/08/CA,100000,b.1.1,DEFINITIVA
RE-068262,54-GUADARRANQUE E04,San Roque,Cadiz,1,0133/08/CA,100000,b.1.1,DEFINITIVA
RE-075132,PARQUE EOLICO LAS MONJAS,Medina-Sidonia,Cadiz,1,0303/08/CA,26000000,b.2.1,DEFINITIVA
RE-075132,PARQUE EOLICO LAS MONJAS,Medina-Sidonia,Cadiz,2,0303/08/CA,8000000,b.2.1,DEFINITIVA
RE-075133,"P. E. ""LOS ALMERIQUES""",Medina-Sidonia,Cadiz,1,0361/08/CA,25720000,b.2.1,DEFINITIVA
RE-075133,"P. E. ""LOS ALMERIQUES""",Medina-Sidonia,Cadiz,2,0361/08/CA,1800000,b.2.1,DEFINITIVA
RE-075135,P. E. LOS ISLETES,Jerez de la Frontera,Cadiz,1,1184/06/CA,9940000,b.2.1,DEFINITIVA
RE-075136,P. E. EL VENZO,Medina-Sidonia,Cadiz,1,1185/06/CA,8000000,b.2.1,DEFINITIVA
RE-075137,P. E. LOS ALBUREJOS,Medina-Sidonia,Cadiz,1,1186/06/CA,10000000,b.2.1,DEFINITIVA
RE-075138,P.E. LOS BOLAÑOS,Jerez de la Frontera,Cadiz,1,1183/06/CA,24000000,b.2.1,DEFINITIVA
RE-075467,PAQUE EOLICO CHORREADEROS ALTOS,Jerez de la Frontera,Cadiz,1,0136/04/CA,20590000,b.2.1,DEFINITIVA
RE-075468,PAQUE EOLICO CHORREADEROS BAJOS,Jerez de la Frontera,Cadiz,1,0137/04/CA,30000000,b.2.1,DEFINITIVA
RE-075469,"PARQUE EÓLICO ""DOÑA BENITA CUELLAR""",Jerez de la Frontera,Cadiz,1,0273/04/CA,32000000,b.2.1,DEFINITIVA
RE-075470,PARQUE EOLICO ZORRERAS,Medina-Sidonia,Cadiz,1,RGRE/134/04/CA,32000000,b.2.1,DEFINITIVA
RE-075960,"PARQUE EOLICO LAS VEGAS, GUELCAVAR Y HAZAS DE GRANADILLA",Medina-Sidonia,Cadiz,1,0189/05/CA,22000000,b.2.1,DEFINITIVA
RE-100044,PARQUE EOLICO ROALABOTA,Jerez de la Frontera,Cadiz,2,0852/07/CA,28050000,b.2.1,DEFINITIVA
RE-100046,PARQUE EOLICO PESUR I,Tarifa,Cadiz,3,0001/09/CA,12000000,b.2.1,DEFINITIVA
RE-100046,PARQUE EOLICO PESUR I,Tarifa,Cadiz,2,0001/09/CA,12000000,b.2.1,DEFINITIVA
RE-100046,PARQUE EOLICO PESUR I,Tarifa,Cadiz,4,0001/09/CA,10000000,b.2.1,DEFINITIVA
RE-100046,PARQUE EOLICO PESUR I,Tarifa,Cadiz,5,0001/09/CA,8000000,b.2.1,DEFINITIVA
RE-100244,MECARED TECNOINDUSTRIA,San Roque,Cadiz,2,0002/09/CA,40000,b.1.1,DEFINITIVA
RE-100455,"PARQUE EOLICO TEJONERO (FASES I, II, III, IV Y V)",Vejer de la Frontera,Cadiz,3,,14000000,b.2.1,DEFINITIVA
RE-100455,"PARQUE EOLICO TEJONERO (FASES I, II, III, IV Y V)",Vejer de la Frontera,Cadiz,4,,2000000,b.2.1,DEFINITIVA
RE-100455,"PARQUE EOLICO TEJONERO (FASES I, II, III, IV Y V)",Vejer de la Frontera,Cadiz,2,0004/09/CA,16000000,b.2.1,DEFINITIVA
RE-100456,"PARQUE EOLICO MOSTAZA (FASES I, II Y III)",Vejer de la Frontera,Cadiz,4,0003/09/CA,4000000,b.2.1,DEFINITIVA
RE-100456,"PARQUE EOLICO MOSTAZA (FASES I, II Y III)",Vejer de la Frontera,Cadiz,2,0003/09/CA,8000000,b.2.1,DEFINITIVA
RE-100456,"PARQUE EOLICO MOSTAZA (FASES I, II Y III)",Vejer de la Frontera,Cadiz,3,0003/09/CA,6000000,b.2.1,DEFINITIVA
RE-100457,PARQUE EOLICO EL OLIVILLO,Jerez de la Frontera,Cadiz,2,0850/07/CA,25500000,b.2.1,DEFINITIVA
RE-101359,GORGOCIL,Chiclana de la Frontera,Cadiz,2,0005/09/CA,70000,b.1.1,DEFINITIVA
RE-101360,FARRAS-2,Chiclana de la Frontera,Cadiz,2,0006/09/CA,70000,b.1.1,DEFINITIVA
RE-101439,PARQUE EOLICO LOS ISLETES,Jerez de la Frontera,Cadiz,2,0190/05/CA,25300000,b.2.1,DEFINITIVA
RE-101757,PARQUE EOLICO LA RABIA,Jerez de la Frontera,Cadiz,2,0001/10/CA,21710000,b.2.1,DEFINITIVA
RE-101907,PARQUE EOLICO LOMA DE LAZARO,Alcalá de los Gazules,Cadiz,2,0003/10/CA,14000000,b.2.1,DEFINITIVA
RE-101907,PARQUE EOLICO LOMA DE LAZARO,Alcalá de los Gazules,Cadiz,3,0003/10/CA,2000000,b.2.1,DEFINITIVA
RE-101908,PARQUE EOLICO LA CASTELLANA,Puerto Real,Cadiz,3,0004/10/CA,12000000,b.2.1,DEFINITIVA
RE-101908,PARQUE EOLICO LA CASTELLANA,Puerto Real,Cadiz,2,0004/10/CA,34000000,b.2.1,DEFINITIVA
RE-102053,PARQUE EOLICO LA VICTORIA,Chiclana de la Frontera,Cadiz,1,0005/10/CA,23210000,b.2.1,DEFINITIVA
RE-102122,"PARQUE EOLICO ""EEE""",Tarifa,Cadiz,2,0002/10/CA,16000000,b.2.1,DEFINITIVA
RE-102122,"PARQUE EOLICO ""EEE""",Tarifa,Cadiz,3,0002/10/CA,16000000,b.2.1,DEFINITIVA
RE-102342,CUBIERTA FOTOVOLTAICA GICOFA,Algeciras,Cadiz,1,0006/10/CA,200000,b.1.1,DEFINITIVA
RE-102617,INSTALACION 1 SUR,Jerez de la Frontera,Cadiz,1,0007/10/CA,100000,b.1.1,DEFINITIVA
RE-102618,INSTALACION 2 SUR,Jerez de la Frontera,Cadiz,1,0008/10/CA,100000,b.1.1,DEFINITIVA
RE-102619,INSTALACION 3 SUR,Jerez de la Frontera,Cadiz,1,0009/10/CA,100000,b.1.1,DEFINITIVA
RE-102620,INSTALACION 4 SUR,Jerez de la Frontera,Cadiz,1,0010/10/CA,100000,b.1.1,DEFINITIVA
RE-102621,INSTALACION 5 SUR,Jerez de la Frontera,Cadiz,1,0011/10/CA,100000,b.1.1,DEFINITIVA
RE-102622,INSTALACION 6 SUR,Jerez de la Frontera,Cadiz,1,0012/10/CA,100000,b.1.1,DEFINITIVA
RE-102623,INSTALACION 7 SUR,Jerez de la Frontera,Cadiz,1,0013/10/CA,100000,b.1.1,DEFINITIVA
RE-102624,INSTALACION 8 SUR,Jerez de la Frontera,Cadiz,1,0014/10/CA,100000,b.1.1,DEFINITIVA
RE-102625,INSTALACION 9 SUR,Jerez de la Frontera,Cadiz,1,0015/10/CA,100000,b.1.1,DEFINITIVA
RE-102626,INSTALACION 10 SUR,Jerez de la Frontera,Cadiz,1,0016/10/CA,100000,b.1.1,DEFINITIVA
RE-102627,INSTALACION 1 NORTE,Jerez de la Frontera,Cadiz,1,0017/10/CA,100000,b.1.1,DEFINITIVA
RE-102628,INSTALACION 2 NORTE,Jerez de la Frontera,Cadiz,1,0018/10/CA,100000,b.1.1,DEFINITIVA
RE-102629,INSTALACION 3 NORTE,Jerez de la Frontera,Cadiz,1,0019/10/CA,100000,b.1.1,DEFINITIVA
RE-102630,MR SOLAR INVESTMENT 200,Jerez de la Frontera,Cadiz,1,0020/10/CA,70000,b.1.1,DEFINITIVA
RE-102631,INSTALACION 5 NORTE,Jerez de la Frontera,Cadiz,1,0021/10/CA,100000,b.1.1,DEFINITIVA
RE-102632,INSTALACION 6 NORTE,Jerez de la Frontera,Cadiz,1,0022/10/CA,100000,b.1.1,DEFINITIVA
RE-102633,INSTALACION 7 NORTE,Jerez de la Frontera,Cadiz,1,0023/10/CA,100000,b.1.1,DEFINITIVA
RE-102634,INSTALACION 8 NORTE,Jerez de la Frontera,Cadiz,1,0024/10/CA,100000,b.1.1,DEFINITIVA
RE-102635,CUBIERTA FOTOVOLTAICA C.V. MARISMAS DE SANTA LEOCADIA,San Fernando,Cadiz,1,0025/10/CA,5000,b.1.1,DEFINITIVA
RE-102636,INSTALACION FOTOVOLTAICA SAN CAYETANO 2,Sanlúcar de Barrameda,Cadiz,1,0026/10/CA,100000,b.1.1,DEFINITIVA
RE-102637,INSTALACION FOTOVOLTAICA SAN CAYETANO 5,Sanlúcar de Barrameda,Cadiz,1,0027/10/CA,100000,b.1.1,DEFINITIVA
RE-102638,INSTALACION FOTOVOLTAICA SAN CAYETANO 3,Sanlúcar de Barrameda,Cadiz,1,0028/10/CA,100000,b.1.1,DEFINITIVA
RE-102639,INSTALACION FOTOVOLTAICA SAN CAYETANO 1,Sanlúcar de Barrameda,Cadiz,1,0029/10/CA,100000,b.1.1,DEFINITIVA
RE-102640,INSTALACION FOTOVOLTAICA SAN CAYETANO 4,Sanlúcar de Barrameda,Cadiz,1,0030/10/CA,100000,b.1.1,DEFINITIVA
RE-103157,INSTALACION I,Villamartín,Cadiz,1,0035/10/CA,90000,b.1.1,DEFINITIVA
RE-103158,INSTALACION II,Villamartín,Cadiz,1,0036/10/CA,90000,b.1.1,DEFINITIVA
RE-103159,INSTALACION III,Villamartín,Cadiz,1,0037/10/CA,90000,b.1.1,DEFINITIVA
RE-103160,INSTALACION IV,Villamartín,Cadiz,1,0038/10/CA,90000,b.1.1,DEFINITIVA
RE-103161,INSTALACION V,Villamartín,Cadiz,1,0039/10/CA,90000,b.1.1,DEFINITIVA
RE-103162,INSTALACION VI,Villamartín,Cadiz,1,0040/10/CA,90000,b.1.1,DEFINITIVA
RE-103163,INSTALACION VII,Villamartín,Cadiz,1,0041/10/CA,90000,b.1.1,DEFINITIVA
RE-103164,INSTALACION VIII,Villamartín,Cadiz,1,0042/10/CA,90000,b.1.1,DEFINITIVA
RE-103165,INSTALACION IX,Villamartín,Cadiz,1,0043/10/CA,90000,b.1.1,DEFINITIVA
RE-103166,INSTALACION X,Villamartín,Cadiz,1,0044/10/CA,90000,b.1.1,DEFINITIVA
RE-103167,INSTALACION XI,Villamartín,Cadiz,1,0045/10/CA,90000,b.1.1,DEFINITIVA
RE-103168,INSTALACION XII,Villamartín,Cadiz,1,0046/10/CA,90000,b.1.1,DEFINITIVA
RE-103169,INSTALACION XIII,Villamartín,Cadiz,1,0047/10/CA,90000,b.1.1,DEFINITIVA
RE-103170,INSTALACION XIV,Villamartín,Cadiz,1,0048/10/CA,90000,b.1.1,DEFINITIVA
RE-103171,INSTALACION XV,Villamartín,Cadiz,1,0049/10/CA,90000,b.1.1,DEFINITIVA
RE-103172,INSTALACION XVI,Villamartín,Cadiz,1,0050/10/CA,90000,b.1.1,DEFINITIVA
RE-103173,INSTALACION XVII,Villamartín,Cadiz,1,0051/10/CA,90000,b.1.1,DEFINITIVA
RE-103174,INSTALACION XVIII,Villamartín,Cadiz,1,0052/10/CA,90000,b.1.1,DEFINITIVA
RE-103175,INSTALACION XIX,Villamartín,Cadiz,1,0053/10/CA,90000,b.1.1,DEFINITIVA
RE-103176,INSTALACION XX,Villamartín,Cadiz,1,0054/10/CA,90000,b.1.1,DEFINITIVA
RE-103177,INSTALACION XXI,Villamartín,Cadiz,1,0055/10/CA,90000,b.1.1,DEFINITIVA
RE-103178,INSTALACION XXIII,Villamartín,Cadiz,1,0057/10/CA,90000,b.1.1,DEFINITIVA
RE-103179,INSTALACION XXIV,Villamartín,Cadiz,1,0058/10/CA,90000,b.1.1,DEFINITIVA
RE-103180,INSTALACION XXII,Villamartín,Cadiz,1,0056/10/CA,90000,b.1.1,DEFINITIVA
RE-103181,INSTALACION XXV,Villamartín,Cadiz,1,0059/10/CA,90000,b.1.1,DEFINITIVA
RE-103182,INSTALACION XXVI,Villamartín,Cadiz,1,0060/10/CA,90000,b.1.1,DEFINITIVA
RE-103183,INSTALACION XXVII,Villamartín,Cadiz,1,0061/10/CA,90000,b.1.1,DEFINITIVA
RE-103184,INSTALACION XXVIII,Villamartín,Cadiz,1,0062/10/CA,90000,b.1.1,DEFINITIVA
RE-103185,INSTALACION XXIX,Villamartín,Cadiz,1,0063/10/CA,90000,b.1.1,DEFINITIVA
RE-103186,INSTALACION XXX,Villamartín,Cadiz,1,0064/10/CA,90000,b.1.1,DEFINITIVA
RE-103187,INSTALACION XXXI,Villamartín,Cadiz,1,0065/10/CA,90000,b.1.1,DEFINITIVA
RE-103188,INSTALACION XXXII,Villamartín,Cadiz,1,0066/10/CA,90000,b.1.1,DEFINITIVA
RE-103189,INSTALACION XXXIII,Villamartín,Cadiz,1,0067/10/CA,90000,b.1.1,DEFINITIVA
RE-103190,INSTALACION XXXIV,Villamartín,Cadiz,1,0068/10/CA,90000,b.1.1,DEFINITIVA
RE-103191,INSTALACION XXXV,Villamartín,Cadiz,1,0069/10/CA,90000,b.1.1,DEFINITIVA
RE-103192,INSTALACION XXXVI,Villamartín,Cadiz,1,0070/10/CA,90000,b.1.1,DEFINITIVA
RE-103193,INSTALACION XXXVIII,Villamartín,Cadiz,1,0072/10/CA,90000,b.1.1,DEFINITIVA
RE-103194,INSTALACION XXXIX,Villamartín,Cadiz,1,0073/10/CA,90000,b.1.1,DEFINITIVA
RE-103195,INSTALACION XXXVII,Villamartín,Cadiz,1,0071/10/CA,90000,b.1.1,DEFINITIVA
RE-103196,INSTALACION XL,Villamartín,Cadiz,1,0074/10/CA,90000,b.1.1,DEFINITIVA
RE-103197,INSTALACION XLI,Villamartín,Cadiz,1,0075/10/CA,90000,b.1.1,DEFINITIVA
RE-103198,INSTALACION XLII,Villamartín,Cadiz,1,0076/10/CA,90000,b.1.1,DEFINITIVA
RE-103199,INSTALACION XLIII,Villamartín,Cadiz,1,0077/10/CA,90000,b.1.1,DEFINITIVA
RE-103200,INSTALACION XLIV,Villamartín,Cadiz,1,0078/10/CA,90000,b.1.1,DEFINITIVA
RE-103201,INSTALACION XLV,Villamartín,Cadiz,1,0079/10/CA,90000,b.1.1,DEFINITIVA
RE-103202,INSTALACION XLVI,Villamartín,Cadiz,1,0080/10/CA,90000,b.1.1,DEFINITIVA
RE-103203,INSTALACION XLVII,Villamartín,Cadiz,1,0081/10/CA,90000,b.1.1,DEFINITIVA
RE-103204,INSTALACION XLVIII,Villamartín,Cadiz,1,0082/10/CA,90000,b.1.1,DEFINITIVA
RE-103205,INSTALACION XLIX,Villamartín,Cadiz,1,0083/10/CA,90000,b.1.1,DEFINITIVA
RE-103206,INSTALACION L,Villamartín,Cadiz,1,0084/10/CA,90000,b.1.1,DEFINITIVA
RE-103207,INSTALACION LI,Villamartín,Cadiz,1,0085/10/CA,90000,b.1.1,DEFINITIVA
RE-103208,INSTALACION LII,Villamartín,Cadiz,1,0086/10/CA,90000,b.1.1,DEFINITIVA
RE-103209,INSTALACION LIII,Villamartín,Cadiz,1,0087/10/CA,90000,b.1.1,DEFINITIVA
RE-103210,INSTALACION LIV,Villamartín,Cadiz,1,0088/10/CA,90000,b.1.1,DEFINITIVA
RE-103211,INSTALACION LV,Villamartín,Cadiz,1,0089/10/CA,90000,b.1.1,DEFINITIVA
RE-103212,INSTALACION LVI,Villamartín,Cadiz,1,0090/10/CA,90000,b.1.1,DEFINITIVA
RE-103213,INSTALACION LVII,Villamartín,Cadiz,1,0091/10/CA,90000,b.1.1,DEFINITIVA
RE-103214,INSTALACION LVIII,Villamartín,Cadiz,1,0092/10/CA,90000,b.1.1,DEFINITIVA
RE-103215,INSTALACION LIX,Villamartín,Cadiz,1,0093/10/CA,90000,b.1.1,DEFINITIVA
RE-103216,INSTALACION LX,Villamartín,Cadiz,1,0094/10/CA,90000,b.1.1,DEFINITIVA
RE-103217,INSTALACION LXI,Villamartín,Cadiz,1,0095/10/CA,90000,b.1.1,DEFINITIVA
RE-103219,CUBIERTA FOTOVOLTAICA PARQUE DE BOMBEROS DE SAN FERNANDO,San Fernando,Cadiz,1,0033/10/CA,50000,b.1.1,DEFINITIVA
RE-103220,CUBIERTA FOTOVOLTAICA PARQUE DE BOMBEROS DE CADIZ,Cádiz,Cadiz,1,0031/10/CA,100000,b.1.1,DEFINITIVA
RE-103221,CUBIERTA FOTOVOLTAICA PARQUE DE BOMBEROS DE CONIL,Conil de la Frontera,Cadiz,1,0032/10/CA,50000,b.1.1,DEFINITIVA
RE-103222,CUBIERTA FOTOVOLTAICA PARQUE DE BOMBEROS DE SAN ROQUE,San Roque,Cadiz,1,0034/10/CA,50000,b.1.1,DEFINITIVA
RE-103332,INSTALACION LXII,Villamartín,Cadiz,1,0096/10/CA,90000,b.1.1,DEFINITIVA
RE-103333,INSTALACION LXIII,Villamartín,Cadiz,1,0097/10/CA,90000,b.1.1,DEFINITIVA
RE-103337,FOTOVOLTAICA DE EXPLOTACION S.L.,Jerez de la Frontera,Cadiz,1,0098/10/CA,25000,b.1.1,DEFINITIVA
RE-103338,JEREZANA DE ENERGIA S.L.,Jerez de la Frontera,Cadiz,1,0099/10/CA,100000,b.1.1,DEFINITIVA
RE-103339,EL PORTAL FOTOVOLTAICA S.L.,Jerez de la Frontera,Cadiz,1,0100/10/CA,100000,b.1.1,DEFINITIVA
RE-103349,CUBIERTA FOTOVOLTAICA PARQUE DE BOMBEROS DE CHICLANA DE LA FRONTERA,Chiclana de la Frontera,Cadiz,1,0101/10/CA,50000,b.1.1,DEFINITIVA
RE-103844,CUBIERTA FOTOVOLTAICA BALANDRO,Chiclana de la Frontera,Cadiz,1,0102/10/CA,3800,b.1.1,DEFINITIVA
RE-104125,CUBIERTA FOTOVOLTAICA COMPLEJO POLIDEPORTIVO BARBATE,Barbate,Cadiz,1,0103/10/CA,88600,b.1.1,DEFINITIVA
RE-104345,MATEOS SANTAMARIA,Rota,Cadiz,1,0104/10/CA,45000,b.1.1,DEFINITIVA
RE-104621,CUBIERTA FOTOVOLTAICA MEDIARCOS,Arcos de la Frontera,Cadiz,1,0105/10/CA,55000,b.1.1,DEFINITIVA
RE-104625,CUBIERTA FOTOVOLTAICA SUPERCARMELA,Arcos de la Frontera,Cadiz,1,0107/10/CA,100000,b.1.1,DEFINITIVA
RE-104633,CUBIERTA FOTOVOLTAICA SUYMAGA,Puerto Real,Cadiz,1,0108/10/CA,50000,b.1.1,DEFINITIVA
RE-104634,CUBIERTA FOTOVOLTAICA SOLYWAT,Algeciras,Cadiz,1,0109/10/CA,30000,b.1.1,DEFINITIVA
RE-104839,CUBIERTA FOTOVOLTAICA GADIR SOLAR,Puerto Real,Cadiz,1,0106/10/CA,360000,b.1.1,DEFINITIVA
RE-105248,CANTARRANAS 52,Bornos,Cadiz,1,0001/11/CA,20000,b.1.1,DEFINITIVA
RE-105249,CANTARRANAS 53,Bornos,Cadiz,1,0002/11/CA,20000,b.1.1,DEFINITIVA
RE-105250,CANTARRANAS 41,Bornos,Cadiz,1,0003/11/CA,20000,b.1.1,DEFINITIVA
RE-105255,PLANTA DE COGENERACION PORTAL EBRO,Jerez de la Frontera,Cadiz,1,0004/11/CA,18444000,a.1.1,DEFINITIVA
RE-105256,SAN ANDRES GOLF,Chiclana de la Frontera,Cadiz,1,0009/11/CA,70000,b.1.1,DEFINITIVA
RE-105257,CRISTAL ARCOS,Arcos de la Frontera,Cadiz,1,0010/11/CA,94000,b.1.1,DEFINITIVA
RE-105259,GEN PUERTO REAL SERVICIOS SOCIALES,Puerto Real,Cadiz,1,0005/11/CA,45000,b.1.1,DEFINITIVA
RE-105260,GEN PUERTO REAL EDIFICIO MERCADONA,Puerto Real,Cadiz,1,0006/11/CA,65000,b.1.1,DEFINITIVA
RE-105261,GEN PUERTO REAL SALA BARRIO 512 VIVIENDAS,Puerto Real,Cadiz,1,0007/11/CA,90000,b.1.1,DEFINITIVA
RE-105262,GEN PUERTO REAL CASETA MUNICIPAL,Puerto Real,Cadiz,1,0008/11/CA,100000,b.1.1,DEFINITIVA
RE-105669,CUBIERTA FOTOVOLTAICA CAÑAS,Arcos de la Frontera,Cadiz,1,0011/11/CA,100000,b.1.1,DEFINITIVA
RE-105693,CUBIERTA FOTOVOLTAICA ALGODOLIVA,Algodonales,Cadiz,1,0012/11/CA,2000000,b.1.1,DEFINITIVA
RE-105938,CUBIERTA FOTOVOLTAICA NAVE CITA,Cádiz,Cadiz,1,0013/11/CA,200000,b.1.1,DEFINITIVA
RE-105939,FACHADA FOTOVOLTAICA APARCAMIENTO RECINTO INTERIOR ZONA FRANCA,Cádiz,Cadiz,1,0014/11/CA,50000,b.1.1,DEFINITIVA
RE-106062,UBRIQUE-1,Ubrique,Cadiz,1,0015/11/CA,20000,b.1.1,DEFINITIVA
RE-106203,CUBIERTAS FOTOVOLTAICA MERCALGECIRAS,Algeciras,Cadiz,1,0016/11/CA,100000,b.1.1,DEFINITIVA
RE-106610,PLANTA DE COGENERACIÓN LUBRISUR,San Roque,Cadiz,1,0041/11/CA,39250000,a.1.1,DEFINITIVA
RE-106681,MOYSELEC,Puerto de Santa María (El),Cadiz,1,0018/11/CA,40000,b.1.1,DEFINITIVA
RE-106682,SICE ENERGIA 1,Chiclana de la Frontera,Cadiz,1,0019/11/CA,99000,b.1.1,DEFINITIVA
RE-106684,SICE ENERGIA 2,Chiclana de la Frontera,Cadiz,1,0020/11/CA,99000,b.1.1,DEFINITIVA
RE-106685,SICE ENERGIA 3,Chiclana de la Frontera,Cadiz,1,0021/11/CA,99000,b.1.1,DEFINITIVA
RE-106686,SICE ENERGIA 4,Chiclana de la Frontera,Cadiz,1,0022/11/CA,99000,b.1.1,DEFINITIVA
RE-106901,NAVE LIMPIASOL,Algeciras,Cadiz,1,0023/11/CA,500000,b.1.1,DEFINITIVA
RE-106908,CUBIERTA PALMONES,Barrios (Los),Cadiz,1,0042/11/CA,100000,b.1.1,DEFINITIVA
RE-107142,CUBIERTAS FOTOVOLTAICA DISEL BORNOS,Bornos,Cadiz,1,0017/11/CA,18000,b.1.1,DEFINITIVA
RE-107164,CUBIERTA FOTOVOLTAICA EL PORTAL,Jerez de la Frontera,Cadiz,1,0043/11/CA,20000,b.1.1,DEFINITIVA
RE-107165,CUBIERTA FOTOVOLTAICA DISEL,Jerez de la Frontera,Cadiz,1,0045/11/CA,15000,b.1.1,DEFINITIVA
RE-107262,CUBIERTA FOTOVOLTAICA INSTALACIÓN 1,Arcos de la Frontera,Cadiz,1,0024/11/CA,100000,b.1.1,DEFINITIVA
RE-107263,CUBIERTA FOTOVOLTAICA INSTALACIÓN 2,Arcos de la Frontera,Cadiz,1,0025/11/CA,100000,b.1.1,DEFINITIVA
RE-107264,CUBIERTA FOTOVOLTAICA INSTALACION 3,Arcos de la Frontera,Cadiz,1,0026/11/CA,100000,b.1.1,DEFINITIVA
RE-107265,CUBIERTA FOTOVOLTAICA INSTALACION 5,Arcos de la Frontera,Cadiz,1,0027/11/CA,100000,b.1.1,DEFINITIVA
RE-107266,CUBIERTA FOTOVOLTAICA INSTALACION 4,Arcos de la Frontera,Cadiz,1,0028/11/CA,100000,b.1.1,DEFINITIVA
RE-107267,CUBIERTA FOTOVOLTAICA INSTALACION 6,Arcos de la Frontera,Cadiz,1,0029/11/CA,100000,b.1.1,DEFINITIVA
RE-107268,CUBIERTA FOTOVOLTAICA INSTALACION 7,Arcos de la Frontera,Cadiz,1,0030/11/CA,100000,b.1.1,DEFINITIVA
RE-107269,CUBIERTA FOTOVOLTAICA INSTALACION 8,Arcos de la Frontera,Cadiz,1,0031/11/CA,100000,b.1.1,DEFINITIVA
RE-107270,CUBIERTA FOTOVOLTAICA INSTALACION 9,Arcos de la Frontera,Cadiz,1,0032/11/CA,100000,b.1.1,DEFINITIVA
RE-107271,CUBIERTA FOTOVOLTAICA INSTALACION 10,Arcos de la Frontera,Cadiz,1,0033/11/CA,100000,b.1.1,DEFINITIVA
RE-107272,CUBIERTA FOTOVOLTAICA INSTALACION 11,Arcos de la Frontera,Cadiz,1,0034/11/CA,100000,b.1.1,DEFINITIVA
RE-107273,CUBIERTA FOTOVOLTAICA INSTALACION 12,Arcos de la Frontera,Cadiz,1,0035/11/CA,100000,b.1.1,DEFINITIVA
RE-107274,CUBIERTA FOTOVOLTAICA INSTALACION 13,Arcos de la Frontera,Cadiz,1,0036/11/CA,100000,b.1.1,DEFINITIVA
RE-107275,CUBIERTA FOTOVOLTAICA INSTALACION 14,Arcos de la Frontera,Cadiz,1,0037/11/CA,100000,b.1.1,DEFINITIVA
RE-107276,CUBIERTA FOTOVOLTAICA INSTALACION 15,Arcos de la Frontera,Cadiz,1,0038/11/CA,100000,b.1.1,DEFINITIVA
RE-107277,CUBIERTA FOTOVOLTAICA INSTALACION 16,Arcos de la Frontera,Cadiz,1,0039/11/CA,100000,b.1.1,DEFINITIVA
RE-107278,CUBIERTA FOTOVOLTAICA INSTALACION 17,Arcos de la Frontera,Cadiz,1,0040/11/CA,100000,b.1.1,DEFINITIVA
RE-107349,ARCOSOL 50,San José del Valle,Cadiz,1,0046/11/CA,50000000,b.1.2,DEFINITIVA
RE-107350,TERMESOL 50,San José del Valle,Cadiz,1,0047/11/CA,50000000,b.1.2,DEFINITIVA
RE-107392,PARQUE EOLICO LOS GRANUJALES,Vejer de la Frontera,Cadiz,1,0049/11/CA,24000000,b.2.1,DEFINITIVA
RE-107426,CUBIERTA FOTOVOLTAICA SOL GREEN WATT,Puerto de Santa María (El),Cadiz,1,0048/11/CA,80000,b.1.1,DEFINITIVA
RE-107776,CUBIERTA FOTOVOLTAICA SEPORSUR,Puerto Real,Cadiz,1,0050/11/CA,1590000,b.1.1,DEFINITIVA
RE-108009,CUBIERTA FOTOVOLTAICA NAVE PASCUAL,Puerto Real,Cadiz,1,0052/11/CA,100000,b.1.1,DEFINITIVA
RE-108010,CUBIERTA FOTOVOLTAICA NAVE LTK,Puerto Real,Cadiz,1,0053/11/CA,100000,b.1.1,DEFINITIVA
RE-108050,JULIO ACALE SANCHEZ,Puerto de Santa María (El),Cadiz,1,0051/11/CA,3500,b.1.1,DEFINITIVA
RE-108259,INSTALACIÓN FV DE 2 KW DE TECNOLOGÍA DE SILICIO MONOCRISTAL Y SILICIO AMORFO TRICAPA,Cádiz,Cadiz,1,0001/12/CA,2000,b.1.1,DEFINITIVA
RE-108260,INSTALACION FV DE 2 KW DE TECNOLOGÍA DE SILICIO AMORFO,Cádiz,Cadiz,1,0002/12/CA,2000,b.1.1,DEFINITIVA
RE-108375,CUBIERTA CABEZUELA LOGISTICA,Puerto Real,Cadiz,1,0003/12/CA,1125000,b.1.1,DEFINITIVA
RE-108877,LEROY MERLIN CC LAS MARISMAS,Barrios (Los),Cadiz,1,0005/12/CA,25000,b.1.1,DEFINITIVA
RE-108911,CUBIERTA FOTOVOLTAICA ANDALUCÍ,Jerez de la Frontera,Cadiz,1,0007/12/CA,79800,b.1.1,DEFINITIVA
RE-109053,CUBIERTA FOTOVOLTAICA MONTAJES ELECTRICOS ALGECIRAS,San Roque,Cadiz,1,0008/12/CA,60000,b.1.1,DEFINITIVA
RE-109059,PAPAFACIL,Bosque (El),Cadiz,1,0004/12/CA,20000,b.1.1,DEFINITIVA
RE-109588,CENTRAL DE BIOGAS DEL VERTEDERO DE JEREZ,Jerez de la Frontera,Cadiz,1,0011/12/CA,1150000,b.7.1,DEFINITIVA
RE-109669,BRICOR LOS BARRIOS,Barrios (Los),Cadiz,1,0009/12/CA,25000,b.1.1,DEFINITIVA
RE-109670,PV ASAJA,Jerez de la Frontera,Cadiz,1,0010/12/CA,13200,b.1.1,DEFINITIVA
RE-109702,CUBIERTA FOTOVOLTAICA POYATOS JEREZ FV,Jerez de la Frontera,Cadiz,1,0012/12/CA,1500000,b.1.1,DEFINITIVA
RE-110048,"P.E. LOMA DE LAS PEÑUELAS, FASE I",Vejer de la Frontera,Cadiz,1,0014/12/CA,9000000,b.2.1,DEFINITIVA
RE-110057,CUBIERTASOL EL PUERTO DE SANTA MARIA 2,Puerto de Santa María (El),Cadiz,1,0013/12/CA,60000,b.1.1,DEFINITIVA
RE-110111,"P.E. LOMA DEL SUYAL, FASE I",Vejer de la Frontera,Cadiz,1,0017/12/CA,8000000,b.2.1,DEFINITIVA
RE-110112,CUBIERTA FOTOVOLTAICA SAN ROQUE PV,San Roque,Cadiz,1,0016/12/CA,39200,b.1.1,DEFINITIVA
RE-110115,CUBIERTA FOTOVOLTAICA HOTEL PARADOR ATLANTICO,Cádiz,Cadiz,1,0015/12/CA,100000,b.1.1,DEFINITIVA
RE-110201,P.E. CERRO DE CONILETE,Vejer de la Frontera,Cadiz,1,0018/12/CA,9000000,b.2.1,DEFINITIVA
RE-110202,CUBIERTA FOTOVOLTAICA ABAD,Prado del Rey,Cadiz,1,0019/12/CA,20000,b.1.1,DEFINITIVA
RE-110203,CUBIERTA FOTOVOLTAICA GARRAPILOS,Jerez de la Frontera,Cadiz,1,0020/12/CA,18000,b.1.1,DEFINITIVA
RE-110361,CUBIERTASOL EL PUERTO DE SANTA MARIA 1,Puerto de Santa María (El),Cadiz,1,0021/12/CA,100000,b.1.1,DEFINITIVA
RE-110362,FV2000 IKEA JEREZ,Jerez de la Frontera,Cadiz,1,0022/12/CA,2000000,b.1.1,DEFINITIVA
RE-110434,CUBIERTA FOTOVOLTAICA DEL PARQUE DE BOMBEROS DE ALGECIRAS,Algeciras,Cadiz,1,0023/12/CA,75000,b.1.1,DEFINITIVA
RE-110790,CUBIERTASOL SANLUCAR DE BARRAMEDA MIRAFLORES,Sanlúcar de Barrameda,Cadiz,1,0025/12/CA,100000,b.1.1,DEFINITIVA
RE-110798,CUBIERTASOL EL PUERTO DE SANTA MARIA 3,Puerto de Santa María (El),Cadiz,1,0026/12/CA,75000,b.1.1,DEFINITIVA
RE-111013,CUBIERTA FOTOVOLTAICA CORCHERO,Alcalá del Valle,Cadiz,1,0001/13/CA,20000,b.1.1,DEFINITIVA
RE-111189,CUBIERTA FOTOVOLTAICA ARTTYSUR PALMONES SOLAR,Barrios (Los),Cadiz,1,0002/13/CA,20000,b.1.1,DEFINITIVA
RE-111736,CF ALCAMPO,Jerez de la Frontera,Cadiz,1,0044/11/CA,20000,b.1.1,DEFINITIVA
RE-111758,FV AISLAMIENTOS GIBRALTAR S.A.,Barrios (Los),Cadiz,1,0003/13/CA,5000,b.1.1,DEFINITIVA
RE-111779,FV ZINNIA HOTEL ALGECIRAS S.L.,Barrios (Los),Cadiz,1,0004/13/CA,7500,b.1.1,DEFINITIVA
RE-111780,CUBIERTA FOTOVOLTAICA ENESTAR,Conil de la Frontera,Cadiz,1,0005/13/CA,22000,b.1.1,DEFINITIVA
RE-111782,CUBIERTA FOTOVOLTAICA FABRICA DE PAN SAN ANTONIO,Conil de la Frontera,Cadiz,1,0006/13/CA,47600,b.1.1,DEFINITIVA
RE-111788,CUBIERTA FV EN DARSENA DEPORTIVA PUERTO DE BARBATE,Cádiz,Cadiz,1,0008/13/CA,4600,b.1.1,DEFINITIVA
RE-111827,CUBIERTA FOTOVOLTAICA HIPOTELS GRAN CONIL,Conil de la Frontera,Cadiz,1,0007/13/CA,50000,b.1.1,DEFINITIVA
RE-111848,CUBIERTA FOTOVOLTAICA NTRA. SRA. DE LAS VIRTUDES,Conil de la Frontera,Cadiz,1,0001/14/CA,40000,b.1.1,DEFINITIVA
RE-111923,CUBIERTA FOTOVOLTAICA PARQUE DE BOMBEROS DE ARCOS DE LA FRONTERA,Arcos de la Frontera,Cadiz,1,0002/14/CA,50000,b.1.1,DEFINITIVA
RE-111924,FV CUBIERTA APARCAMIENTO EN ALTURA,Cádiz,Cadiz,1,0003/14/CA,30000,b.1.1,DEFINITIVA
RE-112015,IFV 100 KW COOP CAMPO GUADIARO,Jimena de la Frontera,Cadiz,1,0004/14/CA,100000,b.1.1,DEFINITIVA
RE-112086,FV DELEGACION DEL GOBIERNO DE LA JUNTA DE ANDALUCIA EN CADIZ,Cádiz,Cadiz,1,RGRE 001/15/CA,30400,b.1.1,DEFINITIVA
RE-112142,FV COLEGIO PADRE MURIEL,Benalup-Casas Viejas,Cadiz,1,0006/15/CA,10000,b.1.1,DEFINITIVA
RE-112175,FV PARQUE DE BOMBEROS DE JIMENA,Jimena de la Frontera,Cadiz,1,007/15/CA,56000,b.1.1,DEFINITIVA
RE-112198,FV INMACULADA CROSSA RÍOS,Ubrique,Cadiz,1,RGRE 008/15/CA,585,b.1.1,DEFINITIVA
RE-112221,FV DEPOSITOS DE ABASTECIMIENTO,Alcalá de los Gazules,Cadiz,1,RGRE 002/15/CA,10000,b.1.1,DEFINITIVA
RE-112222,FV ESCUELA INFANTIL LA MIGA,Alcalá de los Gazules,Cadiz,1,RGRE 003/15/CA,10000,b.1.1,DEFINITIVA
RE-112223,FV CENTRO DE SALUD DE ALCALÁ DE LOS GAZULES,Alcalá de los Gazules,Cadiz,1,RGRE 004/15/CA,10000,b.1.1,DEFINITIVA
RE-112224,FV EDIFICIO DEL AYUNTAMIENTO DE ALCALÁ DE LOS GAZULES,Alcalá de los Gazules,Cadiz,1,RGRE 005/15/CA,10000,b.1.1,DEFINITIVA
RE-112398,FV BIBLIOTECA DE MEDINA SIDONIA,Jerez de la Frontera,Cadiz,1,0010/15/CA,10000,b.1.1,DEFINITIVA
RE-112400,FV EDIFICIO COMUNITARIO SAN JOSÉ DEL VALLE,San José del Valle,Cadiz,1,0011/15/CA,10000,b.1.1,DEFINITIVA
RE-112401,FV MONTESIERRA,Jerez de la Frontera,Cadiz,1,0009/15/CA,115500,b.1.1,DEFINITIVA
RE-112410,FV AYUNTAMIENTO DE PATERNA DE RIVERA,Paterna de Rivera,Cadiz,1,0001/16/CA,10000,b.1.1,DEFINITIVA
RE-112626,FV AUTOCONSUMO LIDL 6013 ALGECIRAS,Algeciras,Cadiz,1,0001/18/CA,99925,b.1.1,DEFINITIVA
RE-112627,FV AUTOCONSUMO LIDL 6015 SOTOGRANDE,San Roque,Cadiz,1,0002/18/CA,99925,b.1.1,DEFINITIVA
RE-112877,PARQUE EÓLICO EL MARQUESADO,Puerto Real,Cadiz,1,0001/19/CA,24000000,b.2.1,DEFINITIVA
RE-112902,"PARQUE EÓLICO ""ALIJAR II""",Jerez de la Frontera,Cadiz,1,0002/19/CA,28800000,b.2.1,DEFINITIVA
RE-112939,"PLANTA SOLAR MIRAMUNDO (49,9 MWP)",Puerto Real,Cadiz,1,0003/19/CA,49983750,b.1.1,DEFINITIVA
RE-112941,PARQUE EÓLICO EL TESORILLO,Jimena de la Frontera,Cadiz,1,0004/19/CA,26000000,b.2.1,DEFINITIVA
RE-113050,PARQUE EÓLICO LA ESTANCIA,Vejer de la Frontera,Cadiz,1,0005/19/CA,7875000,b.2.1,DEFINITIVA
RE-113276,PSF Puerto Real,Puerto Real,Cadiz,1,,133570000,b.1.1,PREVIA
RE-96D-226,AZUCARERA DE JEDULA,Arcos de la Frontera,Cadiz,1,,14625000,a.1.1,DEFINITIVA
RE-96D-242,GETESA,San Roque,Cadiz,1,,41370000,a.1.1,DEFINITIVA
RE-96F-331,CENTRAL HIDROELECTRICA DE LOS HURONES,Algar,Cadiz,1,0053/00/CA,5253000,b.4,DEFINITIVA
RE-97D-419,BOVEDILLAS,Arcos de la Frontera,Cadiz,1,,3871000,a.1.1,DEFINITIVA
